OrderID,Region,Product,Category,Date,Quantity,UnitPrice,TotalPrice,PaymentMethod,TransactionCode
ORD0317,Port Harcourt,bread,bakery,17-07-2023,1,1079,1079, POS ,PHC-2023-SLS
ORD0789, kano , SUGAR , FOOD ,16-04-2023,7,1695,11865,TRANSFER,KAN-2023-SLS
ORD0313, PORT HARCOURT ,BEANS, FOOD ,11-03-2023,13,3559,46267,transfer,PHC-2023-RET
ORD0559,Lagos,milk, dairy ,20-10-2023,10,3265,32650, transfer ,LAG-2023-INV
ORD0293, ABUJA ,beans, Food ,17-12-2023,16,1139,18224, POS ,ABJ-2023-RET
ORD0352,abuja,oil,Food,01-09-2023,18,3971,71478,POS,ABJ-2023-INV
ORD0042,Abuja,sugar,food,03-12-2023,17,509,8653,POS,ABJ-2023-SLS
ORD0794, kano , rice , FOOD ,30-08-2023,11,3423,37653, Cash ,KAN-2023-RET
ORD0619,Port Harcourt,rice, food ,27-03-2023,11,2547,28017,pos,PHC-2023-RET
ORD0865,kano,rice,Food,27-06-2023,15,1044,15660, CASH ,KAN-2023-INV
ORD0423,LAGOS,BREAD, Bakery ,21-07-2023,19,1282,24358,POS,LAG-2023-INV
ORD0208,ABUJA,bread, bakery ,15-09-2023,3,3430,10290,Cash,ABJ-2023-SLS
ORD0780, port harcourt , milk ,Dairy,03-12-2023,3,2357,7071,Transfer,PHC-2023-RET
ORD0760,kano,SUGAR,FOOD,23-01-2023,8,843,6744, TRANSFER ,KAN-2023-INV
ORD0057,Lagos, BEANS , FOOD ,31-03-2023,18,2553,45954, CASH ,LAG-2023-RET
ORD0365,,Rice, food ,21-08-2023,15,4430,66450,POS,ABJ-2023-SLS
ORD0477, port harcourt , BREAD ,BAKERY,08-02-2023,18,4706,84708, Cash ,PHC-2023-SLS
ORD0266,LAGOS, Milk , dairy ,18-12-2023,8,2391,19128, CASH ,LAG-2023-SLS
ORD0160,Lagos, Beans , Food ,03-12-2023,4,2530,10120, CASH ,LAG-2023-SLS
ORD0509,Kano,OIL,food,04-05-2023,6,4022,24132, pos ,KAN-2023-SLS
ORD0153,Abuja, Beans ,food,23-01-2023,9,1262,11358, CASH ,ABJ-2023-RET
ORD0483, abuja ,MILK,DAIRY,14-04-2023,11,1196,13156, CASH ,ABJ-2023-SLS
ORD0602,KANO, sugar ,food,21-01-2023,13,2959,38467,Cash,KAN-2023-RET
ORD0421, Lagos , OIL , FOOD ,23-03-2023,14,4389,61446,pos,LAG-2023-RET
ORD0758, ABUJA ,rice, FOOD ,31-01-2023,5,2708,13540, cash ,ABJ-2023-RET
ORD0173,PORT HARCOURT,rice, Food ,26-07-2023,6,2756,16536, cash ,PHC-2023-RET
ORD0238,LAGOS,RICE, food ,28-04-2023,13,3034,39442, cash ,LAG-2023-RET
ORD0748,port harcourt, Milk , dairy ,11-01-2023,11,3138,34518, transfer ,PHC-2023-RET
ORD0289,ABUJA,milk,dairy,07-03-2023,17,3811,64787, transfer ,ABJ-2023-INV
ORD0465, lagos ,bread, bakery ,07-11-2023,17,846,14382,TRANSFER,LAG-2023-INV
ORD0835, LAGOS , milk , DAIRY ,14-03-2023,11,891,9801, transfer ,LAG-2023-SLS
ORD0706, Kano , RICE ,FOOD,28-12-2023,3,3148,9444, transfer ,KAN-2023-RET
ORD0469, lagos ,Sugar,Food,17-01-2023,14,3213,44982,Cash,LAG-2023-RET
ORD0224, Port Harcourt ,Bread,bakery,20-04-2023,6,1321,7926, POS ,PHC-2023-SLS
ORD0212,port harcourt,OIL, Food ,14-12-2023,12,1600,19200,pos,PHC-2023-SLS
ORD0021, Abuja ,milk,Dairy,06-07-2023,18,2114,38052,TRANSFER,ABJ-2023-INV
ORD0338,port harcourt,  ,Food,14-12-2023,3,4396,13188, transfer ,PHC-2023-INV
ORD0677, ABUJA , MILK , dairy ,15-02-2023,2,2040,4080,Transfer,ABJ-2023-RET
ORD0148, Lagos ,Rice,food,26-12-2023,1,1624,1624,cash,LAG-2023-INV
ORD0298,abuja, oil , FOOD ,25-08-2023,19,3704,70376,pos,ABJ-2023-RET
ORD0388, kano ,OIL,FOOD,15-01-2023,10,4480,44800, CASH ,KAN-2023-INV
ORD0850, Lagos , Sugar ,food,24-01-2023,15,3099,46485,cash,LAG-2023-RET
ORD0543, abuja , oil ,food,23-08-2023,5,4333,21665,Transfer,ABJ-2023-INV
ORD0206,ABUJA,Bread,Bakery,10-12-2023,3,2226,6678, POS ,ABJ-2023-INV
ORD0550, Abuja ,Milk, Dairy ,01-12-2023,16,2654,42464,CASH,ABJ-2023-INV
ORD0808,Lagos,beans,Food,18-05-2023,3,997,2991, Cash ,LAG-2023-INV
ORD0476, kano ,sugar,FOOD,04-02-2023,4,4072,16288,TRANSFER,KAN-2023-SLS
ORD0067,kano, Beans , FOOD ,09-02-2023,11,1877,20647,POS,KAN-2023-RET
ORD0562, ABUJA , Milk , Dairy ,25-02-2023,8,3364,26912, Cash ,ABJ-2023-RET
ORD0126,LAGOS, oil , Food ,03-09-2023,11,2145,23595,TRANSFER,LAG-2023-INV
ORD0145,Lagos,SUGAR,food,04-05-2023,13,1423,18499,Transfer,LAG-2023-RET
ORD0701, abuja ,Beans,Food,27-04-2023,6,3132,18792,CASH,ABJ-2023-SLS
ORD0221,abuja,Bread, bakery ,04-08-2023,14,4776,66864,TRANSFER,ABJ-2023-INV
ORD0299, Kano ,beans,FOOD,09-04-2023,10,2563,25630,Cash,KAN-2023-INV
ORD0414,kano, oil , food ,10-03-2023,18,1194,21492, CASH ,KAN-2023-SLS
ORD0262, abuja , oil , FOOD ,15-02-2023,16,4854,77664, Cash ,ABJ-2023-INV
ORD0819,abuja,milk, Dairy ,07-03-2023,4,1454,5816,transfer,ABJ-2023-INV
ORD0475,PORT HARCOURT, RICE ,food,13-11-2023,3,4977,14931,Transfer,PHC-2023-SLS
ORD0813, lagos , BEANS ,FOOD,01-07-2023,7,2211,15477,Cash,LAG-2023-RET
ORD0694,KANO,Rice,Food,01-04-2023,12,1064,12768,CASH,KAN-2023-RET
ORD0163,port harcourt, BREAD ,bakery,31-03-2023,16,3099,49584, POS ,PHC-2023-RET
ORD0337, port harcourt , rice ,food,27-08-2023,11,1512,16632, cash ,PHC-2023-RET
ORD0358, port harcourt ,BREAD, Bakery ,25-04-2023,16,1470,23520, pos ,PHC-2023-INV
ORD0682, LAGOS ,rice,food,13-04-2023,18,4579,82422,cash,LAG-2023-RET
ORD0372,Abuja,BREAD, BAKERY ,18-04-2023,7,719,5033,TRANSFER,ABJ-2023-RET
ORD0834,lagos, rice ,Food,23-04-2023,13,1422,18486,transfer,LAG-2023-INV
ORD0216,Kano,Bread, Bakery ,19-10-2023,9,4959,44631,Cash,KAN-2023-SLS
ORD0255,kano, Rice ,food,19-10-2023,19,3775,71725,Cash,KAN-2023-RET
ORD0452, ABUJA ,BREAD,bakery,02-12-2023,10,4248,42480,Cash,ABJ-2023-RET
ORD0422, Port Harcourt , Sugar ,FOOD,16-02-2023,15,820,12300,transfer,PHC-2023-RET
ORD0403, kano , RICE , FOOD ,03-09-2023,4,728,2912,Transfer,KAN-2023-INV
ORD0579,kano, MILK ,dairy,23-09-2023,3,903,2709, CASH ,KAN-2023-SLS
ORD0183,,RICE, Food ,20-11-2023,16,3224,51584, Cash ,LAG-2023-SLS
ORD0461,abuja,beans,food,29-10-2023,17,3011,51187,transfer,ABJ-2023-INV
ORD0719,port harcourt,Milk,Dairy,03-09-2023,6,4527,27162,pos,PHC-2023-RET
ORD0728,  ,  , food ,23-11-2023,7,4939,34573, Cash ,PHC-2023-INV
ORD0874, kano , SUGAR , food ,09-05-2023,6,2516,15096, Transfer ,KAN-2023-INV
ORD0662, kano , beans ,Food,20-06-2023,16,1228,19648,TRANSFER,KAN-2023-RET
ORD0878, PORT HARCOURT , oil , FOOD ,12-08-2023,14,3724,52136,CASH,PHC-2023-INV
ORD0102,Kano, milk , DAIRY ,21-06-2023,20,1379,27580, TRANSFER ,KAN-2023-SLS
ORD0241,Lagos,bread,bakery,23-04-2023,13,3599,46787, TRANSFER ,LAG-2023-INV
ORD0640, port harcourt ,Rice,Food,15-06-2023,1,2345,2345,TRANSFER,PHC-2023-INV
ORD0647,ABUJA, sugar ,food,01-09-2023,3,1420,4260,Transfer,ABJ-2023-SLS
ORD0735, lagos ,RICE, FOOD ,14-02-2023,1,1827,1827, pos ,LAG-2023-INV
ORD0876,Lagos,MILK, dairy ,20-08-2023,2,3847,7694, cash ,LAG-2023-INV
ORD0674,Kano,Oil, food ,16-12-2023,4,3359,13436,CASH,KAN-2023-RET
ORD0119, port harcourt , milk , DAIRY ,03-06-2023,8,2350,18800,POS,PHC-2023-INV
ORD0018, Abuja ,Oil, Food ,08-12-2023,7,2544,17808,cash,ABJ-2023-SLS
ORD0755, kano , milk , dairy ,15-09-2023,14,1867,26138, TRANSFER ,KAN-2023-INV
ORD0245,ABUJA, oil ,FOOD,12-04-2023,16,2947,47152, TRANSFER ,ABJ-2023-INV
ORD0522, KANO ,RICE,Food,19-12-2023,9,3197,28773, pos ,KAN-2023-SLS
ORD0847,lagos,bread, bakery ,29-09-2023,8,3312,26496,pos,LAG-2023-RET
ORD0576, Port Harcourt ,sugar, FOOD ,06-10-2023,13,3425,44525,transfer,PHC-2023-SLS
ORD0039, PORT HARCOURT , rice ,FOOD,28-11-2023,18,2341,42138,Cash,PHC-2023-SLS
ORD0516, Kano , Oil ,Food,07-11-2023,20,1381,27620, transfer ,KAN-2023-SLS
ORD0295,kano, OIL ,food,06-11-2023,1,1413,1413,cash,KAN-2023-RET
ORD0123, Lagos , SUGAR , food ,12-06-2023,5,3691,18455,TRANSFER,LAG-2023-INV
ORD0057,Lagos, BEANS , FOOD ,31-03-2023,18,2553,45954, CASH ,LAG-2023-RET
ORD0242,, MILK ,DAIRY,25-12-2023,15,2729,40935, pos ,PHC-2023-SLS
ORD0745, PORT HARCOURT ,BEANS, Food ,06-01-2023,2,990,1980, CASH ,PHC-2023-SLS
ORD0599, kano ,,food,20-11-2023,17,4183,71111,POS,KAN-2023-INV
ORD0673,Lagos, MILK , dairy ,19-02-2023,7,3328,23296,POS,LAG-2023-INV
ORD0304,kano, Bread , BAKERY ,11-10-2023,7,1946,13622,CASH,KAN-2023-SLS
ORD0716, Abuja , BEANS , Food ,04-01-2023,8,4526,36208,transfer,ABJ-2023-RET
ORD0292, Lagos , Bread ,Bakery,30-07-2023,17,2705,45985, pos ,LAG-2023-RET
ORD0589,PORT HARCOURT, MILK ,DAIRY,16-11-2023,10,3508,35080,TRANSFER,PHC-2023-SLS
ORD0570, Port Harcourt ,, food ,13-06-2023,11,3646,40106, CASH ,PHC-2023-INV
ORD0659,Port Harcourt,milk,Dairy,07-11-2023,20,3578,71560,pos,PHC-2023-RET
ORD0525, lagos , SUGAR , FOOD ,23-05-2023,7,1062,7434, TRANSFER ,LAG-2023-INV
ORD0564,Abuja, bread ,Bakery,29-11-2023,5,3621,18105, cash ,ABJ-2023-INV
ORD0133,KANO, milk ,dairy,11-12-2023,19,1194,22686,Cash,KAN-2023-SLS
ORD0171,Port Harcourt,beans, food ,09-04-2023,6,2235,13410, cash ,PHC-2023-INV
ORD0394,abuja,oil, food ,03-02-2023,15,3834,57510,TRANSFER,ABJ-2023-INV
ORD0466,,Milk,Dairy,03-06-2023,4,2876,11504, transfer ,LAG-2023-SLS
ORD0426,,Bread, Bakery ,14-08-2023,9,1757,15813, transfer ,ABJ-2023-INV
ORD0217,LAGOS, Sugar ,food,09-02-2023,6,2384,14304,pos,LAG-2023-RET
ORD0132,abuja, milk , DAIRY ,06-04-2023,4,4898,19592,transfer,ABJ-2023-SLS
ORD0667,Lagos, Rice ,food,02-10-2023,17,4397,74749,transfer,LAG-2023-INV
ORD0582, abuja , oil , food ,14-04-2023,9,4259,38331,Cash,ABJ-2023-SLS
ORD0179, ABUJA ,Oil,Food,22-05-2023,9,3163,28467,Transfer,ABJ-2023-RET
ORD0796,lagos, Rice ,food,05-10-2023,16,2769,44304,CASH,LAG-2023-RET
ORD0409,  , sugar , Food ,16-04-2023,11,3579,39369, transfer ,LAG-2023-INV
ORD0715,lagos, sugar ,FOOD,23-04-2023,2,845,1690, cash ,LAG-2023-INV
ORD0591, Port Harcourt , bread , bakery ,04-06-2023,16,3179,50864, pos ,PHC-2023-INV
ORD0851,port harcourt,Milk,Dairy,02-09-2023,2,1578,3156,Cash,PHC-2023-SLS
ORD0161, Kano , milk , DAIRY ,18-10-2023,1,3380,3380,pos,KAN-2023-INV
ORD0749, Lagos , sugar , Food ,13-01-2023,20,4347,86940, POS ,LAG-2023-RET
ORD0707, LAGOS , milk ,DAIRY,11-07-2023,10,3294,32940,POS,LAG-2023-INV
ORD0086, lagos ,oil, FOOD ,04-03-2023,17,2336,39712, cash ,LAG-2023-INV
ORD0176, abuja ,bread, BAKERY ,10-07-2023,1,2481,2481,TRANSFER,ABJ-2023-RET
ORD0102,Kano, milk , DAIRY ,21-06-2023,20,1379,27580, TRANSFER ,KAN-2023-SLS
ORD0612, Abuja ,sugar,FOOD,20-10-2023,4,2069,8276,TRANSFER,ABJ-2023-SLS
ORD0031, port harcourt ,  ,BAKERY,17-09-2023,12,1064,12768,POS,PHC-2023-SLS
ORD0150,Lagos, rice , food ,16-07-2023,16,3481,55696,cash,LAG-2023-INV
ORD0815,port harcourt, OIL , food ,25-08-2023,13,1280,16640,pos,PHC-2023-SLS
ORD0503,Abuja, Milk , Dairy ,09-02-2023,20,2126,42520,POS,ABJ-2023-RET
ORD0154, kano , SUGAR ,food,20-08-2023,11,3105,34155, TRANSFER ,KAN-2023-INV
ORD0200,LAGOS,RICE,food,17-05-2023,2,2137,4274, cash ,LAG-2023-SLS
ORD0626,  , BREAD ,Bakery,04-09-2023,6,4802,28812,cash,PHC-2023-SLS
ORD0041, port harcourt ,oil, Food ,22-11-2023,6,4070,24420, TRANSFER ,PHC-2023-INV
ORD0444, lagos , Rice , Food ,21-11-2023,11,636,6996, Transfer ,LAG-2023-INV
ORD0637, Kano , sugar , food ,14-06-2023,7,2008,14056,TRANSFER,KAN-2023-INV
ORD0802, abuja , MILK , Dairy ,07-02-2023,20,4953,99060,cash,ABJ-2023-RET
ORD0037,port harcourt,MILK,DAIRY,25-09-2023,20,2348,46960, transfer ,PHC-2023-SLS
ORD0236, LAGOS ,Beans,food,20-11-2023,11,3955,43505,POS,LAG-2023-RET
ORD0248,lagos, Rice , food ,19-08-2023,17,1769,30073, Transfer ,LAG-2023-SLS
ORD0624,KANO, rice , Food ,16-10-2023,8,3538,28304, TRANSFER ,KAN-2023-RET
ORD0842,abuja,bread,BAKERY,02-07-2023,15,1250,18750,cash,ABJ-2023-INV
ORD0222,ABUJA,  , food ,29-07-2023,20,4954,99080, transfer ,ABJ-2023-INV
ORD0622,port harcourt,bread,bakery,24-07-2023,2,3476,6952, POS ,PHC-2023-RET
ORD0215,LAGOS, Bread , Bakery ,21-01-2023,16,3439,55024,cash,LAG-2023-SLS
ORD0144,Kano, Beans ,food,27-11-2023,8,2768,22144, CASH ,KAN-2023-INV
ORD0181,Lagos, oil ,food,07-03-2023,4,4356,17424, pos ,LAG-2023-SLS
ORD0175,, rice , Food ,26-07-2023,10,4651,46510,cash,LAG-2023-RET
ORD0361, lagos , OIL ,Food,10-09-2023,6,4626,27756,transfer,LAG-2023-SLS
ORD0011, abuja ,rice,food,25-02-2023,13,3279,42627,Cash,ABJ-2023-INV
ORD0606, LAGOS , rice , food ,11-08-2023,7,2973,20811,cash,LAG-2023-SLS
ORD0538,KANO, beans , Food ,11-07-2023,19,4695,89205, CASH ,KAN-2023-RET
ORD0152, Lagos ,Beans,FOOD,13-01-2023,1,3859,3859, CASH ,LAG-2023-RET
ORD0158, LAGOS , RICE ,food,28-11-2023,20,2513,50260,Transfer,LAG-2023-SLS
ORD0558, abuja ,Rice, FOOD ,14-12-2023,18,3679,66222, Transfer ,ABJ-2023-RET
ORD0207, KANO , Rice ,FOOD,28-01-2023,3,1100,3300,Cash,KAN-2023-SLS
ORD0083, PORT HARCOURT ,oil, FOOD ,16-01-2023,17,1810,30770, cash ,PHC-2023-RET
ORD0532, port harcourt ,rice, Food ,04-07-2023,8,4028,32224, cash ,PHC-2023-RET
ORD0115,  ,sugar, FOOD ,13-06-2023,4,4346,17384,CASH,PHC-2023-SLS
ORD0855, PORT HARCOURT ,beans,Food,05-08-2023,16,2319,37104,TRANSFER,PHC-2023-RET
ORD0672, kano ,rice,Food,13-10-2023,20,998,19960,CASH,KAN-2023-RET
ORD0287, port harcourt , Rice , Food ,16-06-2023,19,4292,81548,POS,PHC-2023-INV
ORD0362,KANO, Milk , DAIRY ,26-03-2023,11,4069,44759, TRANSFER ,KAN-2023-RET
ORD0712,LAGOS, bread ,bakery,26-05-2023,20,4213,84260, cash ,LAG-2023-RET
ORD0077,  , Bread , bakery ,18-08-2023,5,4342,21710,POS,PHC-2023-INV
ORD0260,ABUJA,oil,Food,19-08-2023,4,2999,11996,Transfer,ABJ-2023-INV
ORD0468,LAGOS, sugar ,food,03-06-2023,13,3566,46358, transfer ,LAG-2023-SLS
ORD0124,kano, sugar , FOOD ,31-07-2023,1,2890,2890, TRANSFER ,KAN-2023-INV
ORD0004,abuja, Milk , DAIRY ,06-05-2023,6,4875,29250, CASH ,ABJ-2023-SLS
ORD0305, Lagos ,sugar,food,04-10-2023,13,1016,13208,POS,LAG-2023-SLS
ORD0374,port harcourt, milk ,dairy,29-04-2023,19,4496,85424, POS ,PHC-2023-INV
ORD0314, LAGOS , Oil , food ,23-11-2023,20,1784,35680, POS ,LAG-2023-INV
ORD0339, lagos , Oil , Food ,04-03-2023,7,3811,26677,cash,LAG-2023-SLS
ORD0401,Abuja,  ,BAKERY,15-12-2023,18,2571,46278, pos ,ABJ-2023-SLS
ORD0172, Port Harcourt ,RICE,Food,03-08-2023,20,4780,95600,cash,PHC-2023-SLS
ORD0521,Abuja,beans,FOOD,19-12-2023,4,3144,12576, POS ,ABJ-2023-SLS
ORD0616, KANO , MILK ,DAIRY,12-07-2023,16,2422,38752,POS,KAN-2023-INV
ORD0857, abuja , rice ,Food,01-08-2023,17,2504,42568,transfer,ABJ-2023-SLS
ORD0368,port harcourt,Bread, bakery ,11-09-2023,8,1770,14160,pos,PHC-2023-RET
ORD0006, Lagos ,Bread,BAKERY,17-07-2023,14,1020,14280, TRANSFER ,LAG-2023-RET
ORD0204,abuja, Oil ,food,06-12-2023,8,2247,17976,Transfer,ABJ-2023-SLS
ORD0020, PORT HARCOURT , Bread , bakery ,15-01-2023,18,3212,57816,cash,PHC-2023-SLS
ORD0113, KANO , beans ,food,19-08-2023,11,1147,12617, TRANSFER ,KAN-2023-INV
ORD0098,Port Harcourt,beans, Food ,13-10-2023,8,2785,22280,transfer,PHC-2023-INV
ORD0211,lagos, rice , FOOD ,10-04-2023,10,1071,10710,TRANSFER,LAG-2023-SLS
ORD0191,lagos, Rice , food ,19-10-2023,14,4454,62356, POS ,LAG-2023-SLS
ORD0085,PORT HARCOURT, beans ,FOOD,07-02-2023,4,1611,6444,Transfer,PHC-2023-INV
ORD0573, Kano , Rice ,FOOD,17-06-2023,8,1109,8872,cash,KAN-2023-RET
ORD0621,ABUJA,RICE, food ,24-09-2023,2,3828,7656, Transfer ,ABJ-2023-SLS
ORD0205,kano,sugar,FOOD,12-05-2023,4,3661,14644,pos,KAN-2023-RET
ORD0655,lagos, BEANS ,food,27-11-2023,13,1806,23478, TRANSFER ,LAG-2023-SLS
ORD0104, KANO ,oil, food ,14-05-2023,19,593,11267,pos,KAN-2023-SLS
ORD0480, abuja ,milk, dairy ,19-12-2023,19,1371,26049, transfer ,ABJ-2023-RET
ORD0690, Lagos ,sugar,FOOD,20-05-2023,19,1911,36309,POS,LAG-2023-RET
ORD0005,kano, beans , food ,26-11-2023,16,3741,59856, TRANSFER ,KAN-2023-INV
ORD0332,Kano,Oil,Food,24-06-2023,16,3875,62000, Cash ,KAN-2023-INV
ORD0188, PORT HARCOURT , OIL ,food,08-10-2023,6,822,4932,transfer,PHC-2023-INV
ORD0645,port harcourt,RICE,food,05-12-2023,2,2218,4436, transfer ,PHC-2023-SLS
ORD0784, kano ,MILK, dairy ,26-07-2023,10,1322,13220,cash,KAN-2023-SLS
ORD0726,lagos,Bread, bakery ,03-08-2023,13,1169,15197,cash,LAG-2023-RET
ORD0303, abuja ,MILK,dairy,16-07-2023,8,527,4216,POS,ABJ-2023-SLS
ORD0448,, Bread ,Bakery,07-03-2023,4,3512,14048, Transfer ,LAG-2023-SLS
ORD0392, ABUJA , OIL , FOOD ,01-08-2023,14,1978,27692, cash ,ABJ-2023-RET
ORD0214,,Beans, FOOD ,19-09-2023,15,4605,69075,cash,KAN-2023-SLS
ORD0229,KANO,sugar,food,02-10-2023,12,4731,56772,CASH,KAN-2023-RET
ORD0536, Kano ,OIL,food,30-03-2023,20,3045,60900, pos ,KAN-2023-SLS
ORD0321, kano ,,Food,30-05-2023,15,675,10125,cash,KAN-2023-INV
ORD0296,port harcourt, sugar ,food,05-12-2023,13,2449,31837, transfer ,PHC-2023-RET
ORD0513, ABUJA , Beans , Food ,10-06-2023,14,3574,50036, pos ,ABJ-2023-SLS
ORD0453,LAGOS,sugar, food ,29-01-2023,14,1878,26292, CASH ,LAG-2023-SLS
ORD0294, Abuja , bread , BAKERY ,16-10-2023,20,2990,59800,transfer,ABJ-2023-INV
ORD0431, LAGOS ,milk, dairy ,12-03-2023,3,990,2970,Transfer,LAG-2023-SLS
ORD0604,Lagos,Beans, food ,03-01-2023,18,3565,64170,transfer,LAG-2023-INV
ORD0630,LAGOS, Milk , dairy ,01-01-2023,20,4237,84740, transfer ,LAG-2023-SLS
ORD0346, abuja , oil ,food,26-04-2023,19,3793,72067,pos,ABJ-2023-RET
ORD0630,LAGOS, Milk , dairy ,01-01-2023,20,4237,84740, transfer ,LAG-2023-SLS
ORD0069,PORT HARCOURT,sugar,food,08-07-2023,2,966,1932,transfer,PHC-2023-INV
ORD0340,  , RICE , food ,12-09-2023,9,4508,40572,Cash,ABJ-2023-RET
ORD0202, KANO , milk ,dairy,10-04-2023,18,2109,37962, TRANSFER ,KAN-2023-SLS
ORD0013, Lagos , rice , Food ,01-02-2023,19,4941,93879,POS,LAG-2023-SLS
ORD0586,, Bread ,Bakery,13-03-2023,17,4491,76347, POS ,LAG-2023-RET
ORD0655,lagos, BEANS ,food,27-11-2023,13,1806,23478, TRANSFER ,LAG-2023-SLS
ORD0437, KANO ,milk,DAIRY,23-12-2023,16,3516,56256,CASH,KAN-2023-RET
ORD0250,port harcourt, BREAD ,bakery,16-11-2023,16,4807,76912,POS,PHC-2023-RET
ORD0781,port harcourt,rice, Food ,01-11-2023,5,1286,6430, pos ,PHC-2023-RET
ORD0357,LAGOS,rice,FOOD,15-02-2023,1,2373,2373,TRANSFER,LAG-2023-INV
ORD0497, LAGOS , oil , food ,13-09-2023,18,1214,21852,CASH,LAG-2023-SLS
ORD0539,ABUJA,Oil,food,29-05-2023,20,1297,25940,POS,ABJ-2023-SLS
ORD0838, PORT HARCOURT ,sugar,food,02-09-2023,4,4215,16860,POS,PHC-2023-INV
ORD0142, lagos , Milk , Dairy ,05-01-2023,15,576,8640, POS ,LAG-2023-SLS
ORD0459, LAGOS ,Milk,dairy,19-11-2023,7,1078,7546,pos,LAG-2023-SLS
ORD0061,Lagos, Milk ,dairy,10-12-2023,2,3200,6400, CASH ,LAG-2023-SLS
ORD0354,lagos, Oil ,Food,13-08-2023,7,1812,12684,POS,LAG-2023-SLS
ORD0267, Abuja , oil ,food,10-12-2023,14,2323,32522,cash,ABJ-2023-INV
ORD0636,abuja,oil,food,19-03-2023,14,1743,24402,POS,ABJ-2023-SLS
ORD0074, Port Harcourt ,RICE, Food ,13-12-2023,14,3484,48776, pos ,PHC-2023-INV
ORD0333,lagos, RICE , food ,09-06-2023,16,3352,53632, POS ,LAG-2023-SLS
ORD0867, PORT HARCOURT ,SUGAR,FOOD,28-01-2023,15,1643,24645, CASH ,PHC-2023-RET
ORD0254,Kano, rice , food ,20-04-2023,10,2317,23170, transfer ,KAN-2023-INV
ORD0460,ABUJA,oil, FOOD ,26-02-2023,4,4853,19412,pos,ABJ-2023-RET
ORD0702,ABUJA,rice,FOOD,26-06-2023,3,4546,13638,pos,ABJ-2023-INV
ORD0704, PORT HARCOURT ,Sugar,food,20-03-2023,15,4204,63060,cash,PHC-2023-RET
ORD0793,port harcourt,Milk, dairy ,04-09-2023,11,511,5621,Cash,PHC-2023-INV
ORD0742,KANO,beans, food ,30-03-2023,15,4760,71400, Cash ,KAN-2023-RET
ORD0831, PORT HARCOURT , bread , bakery ,26-01-2023,14,1676,23464,POS,PHC-2023-SLS
ORD0792,Kano,Bread, bakery ,02-02-2023,13,666,8658, pos ,KAN-2023-INV
ORD0798,ABUJA,bread, BAKERY ,13-11-2023,15,2348,35220, cash ,ABJ-2023-INV
ORD0428, ABUJA ,oil, FOOD ,16-11-2023,11,2052,22572,CASH,ABJ-2023-RET
ORD0635,port harcourt,bread, BAKERY ,24-01-2023,19,4349,82631, pos ,PHC-2023-SLS
ORD0607,kano, bread , Bakery ,07-01-2023,4,3813,15252,Cash,KAN-2023-SLS
ORD0511, ABUJA ,Bread, bakery ,21-11-2023,5,4216,21080, POS ,ABJ-2023-SLS
ORD0024,abuja,Sugar,Food,23-12-2023,8,1940,15520,pos,ABJ-2023-SLS
ORD0059,abuja,OIL, Food ,03-02-2023,20,1715,34300,Cash,ABJ-2023-SLS
ORD0722, ABUJA , rice , Food ,27-08-2023,16,4042,64672,TRANSFER,ABJ-2023-INV
ORD0223,port harcourt, MILK ,Dairy,15-12-2023,12,2757,33084,Transfer,PHC-2023-INV
ORD0237, Port Harcourt ,sugar,food,12-01-2023,6,2006,12036, Cash ,PHC-2023-RET
ORD0586,, Bread ,Bakery,13-03-2023,17,4491,76347, POS ,LAG-2023-RET
ORD0757, ABUJA , oil , Food ,29-06-2023,12,935,11220,transfer,ABJ-2023-SLS
ORD0009,KANO,sugar, FOOD ,22-09-2023,12,4088,49056, TRANSFER ,KAN-2023-INV
ORD0002, KANO , rice , FOOD ,24-06-2023,6,3962,23772,TRANSFER,KAN-2023-INV
ORD0664,Port Harcourt,Oil,food,30-09-2023,5,3286,16430, TRANSFER ,PHC-2023-SLS
ORD0300, lagos , Rice , FOOD ,31-05-2023,6,2575,15450, transfer ,LAG-2023-RET
ORD0557,Port Harcourt,  , food ,27-01-2023,14,4862,68068,POS,PHC-2023-SLS
ORD0768,kano,rice,Food,07-12-2023,13,3274,42562, CASH ,KAN-2023-RET
ORD0222,ABUJA,  , food ,29-07-2023,20,4954,99080, transfer ,ABJ-2023-INV
ORD0834,lagos, rice ,Food,23-04-2023,13,1422,18486,transfer,LAG-2023-INV
ORD0063,port harcourt, rice , FOOD ,16-02-2023,5,751,3755, POS ,PHC-2023-RET
ORD0733,Lagos, sugar ,FOOD,04-04-2023,2,2976,5952, cash ,LAG-2023-SLS
ORD0661,ABUJA,Bread,bakery,03-07-2023,15,2576,38640,POS,ABJ-2023-SLS
ORD0109,KANO,sugar,Food,30-09-2023,18,3974,71532, TRANSFER ,KAN-2023-INV
ORD0644, kano ,oil, food ,30-11-2023,3,4056,12168, transfer ,KAN-2023-INV
ORD0660,Kano,BREAD,BAKERY,21-10-2023,15,4274,64110,POS,KAN-2023-INV
ORD0597,Abuja, milk ,DAIRY,01-03-2023,15,1222,18330,CASH,ABJ-2023-INV
ORD0377,KANO,Oil,Food,15-09-2023,6,1931,11586,Cash,KAN-2023-INV
ORD0494,  ,MILK,Dairy,25-01-2023,16,874,13984, TRANSFER ,ABJ-2023-INV
ORD0561,lagos,MILK, Dairy ,28-02-2023,2,2406,4812,POS,LAG-2023-INV
ORD0817,Abuja, rice ,Food,25-02-2023,17,2849,48433, pos ,ABJ-2023-SLS
ORD0592,port harcourt, Milk ,Dairy,22-12-2023,15,4514,67710, transfer ,PHC-2023-RET
ORD0256,KANO, oil ,food,03-03-2023,14,3912,54768, CASH ,KAN-2023-RET
ORD0843,port harcourt,SUGAR, food ,10-09-2023,20,4859,97180,Transfer,PHC-2023-RET
ORD0526, port harcourt , OIL , Food ,09-10-2023,9,1469,13221, CASH ,PHC-2023-SLS
ORD0527, kano , MILK , DAIRY ,23-09-2023,20,4543,90860,TRANSFER,KAN-2023-INV
ORD0053, Lagos , Beans ,food,16-02-2023,13,3496,45448,transfer,LAG-2023-INV
ORD0578,KANO, Bread ,bakery,18-08-2023,2,3027,6054,transfer,KAN-2023-INV
ORD0606, LAGOS , rice , food ,11-08-2023,7,2973,20811,cash,LAG-2023-SLS
ORD0653,Abuja,MILK,dairy,28-04-2023,12,4919,59028, pos ,ABJ-2023-RET
ORD0084,ABUJA,milk, DAIRY ,07-07-2023,5,4837,24185, Transfer ,ABJ-2023-SLS
ORD0767, Abuja ,BEANS,FOOD,09-09-2023,6,3701,22206,cash,ABJ-2023-SLS
ORD0804,Lagos,BREAD, bakery ,12-02-2023,19,1164,22116, pos ,LAG-2023-INV
ORD0495, ABUJA , Milk ,Dairy,28-10-2023,5,694,3470, Transfer ,ABJ-2023-SLS
ORD0853, kano , Beans , food ,05-06-2023,17,1555,26435,pos,KAN-2023-INV
ORD0068, Lagos , bread ,Bakery,16-10-2023,16,4300,68800, pos ,LAG-2023-SLS
ORD0484,KANO,,Food,14-03-2023,17,3902,66334, CASH ,KAN-2023-INV
ORD0857, abuja , rice ,Food,01-08-2023,17,2504,42568,transfer,ABJ-2023-SLS
ORD0807,  , BREAD ,bakery,08-06-2023,2,3499,6998,cash,KAN-2023-RET
ORD0196, PORT HARCOURT ,rice,food,07-04-2023,9,2104,18936,cash,PHC-2023-SLS
ORD0165, KANO ,Sugar, food ,18-04-2023,1,2672,2672, cash ,KAN-2023-RET
ORD0450,PORT HARCOURT, Bread ,Bakery,30-05-2023,7,4555,31885, POS ,PHC-2023-SLS
ORD0384, abuja ,oil,Food,01-07-2023,9,4657,41913, Cash ,ABJ-2023-INV
ORD0820, lagos ,rice, food ,11-05-2023,6,2290,13740,transfer,LAG-2023-SLS
ORD0193,LAGOS,milk, DAIRY ,26-03-2023,16,4561,72976, cash ,LAG-2023-SLS
ORD0488, LAGOS ,SUGAR, food ,27-09-2023,3,3955,11865,POS,LAG-2023-RET
ORD0071,Kano, rice ,Food,13-10-2023,11,1274,14014,pos,KAN-2023-SLS
ORD0481, Port Harcourt , RICE , Food ,24-08-2023,16,1986,31776, CASH ,PHC-2023-INV
ORD0823,Port Harcourt,milk,DAIRY,03-12-2023,19,3579,68001,Transfer,PHC-2023-RET
ORD0467, port harcourt ,OIL, FOOD ,24-02-2023,10,3399,33990,cash,PHC-2023-SLS
ORD0246,Port Harcourt,bread, Bakery ,10-07-2023,20,1769,35380,CASH,PHC-2023-INV
ORD0729,Port Harcourt, oil ,Food,08-08-2023,7,2988,20916,pos,PHC-2023-RET
ORD0650,ABUJA,beans, food ,15-06-2023,6,3750,22500,Cash,ABJ-2023-RET
ORD0247,KANO, sugar , food ,19-12-2023,7,674,4718,Transfer,KAN-2023-SLS
ORD0808,Lagos,beans,Food,18-05-2023,3,997,2991, Cash ,LAG-2023-INV
ORD0115,  ,sugar, FOOD ,13-06-2023,4,4346,17384,CASH,PHC-2023-SLS
ORD0241,Lagos,bread,bakery,23-04-2023,13,3599,46787, TRANSFER ,LAG-2023-INV
ORD0701, abuja ,Beans,Food,27-04-2023,6,3132,18792,CASH,ABJ-2023-SLS
ORD0080, PORT HARCOURT , BREAD ,bakery,11-03-2023,16,1993,31888,cash,PHC-2023-RET
ORD0371,Abuja,Beans, food ,21-12-2023,16,4269,68304, TRANSFER ,ABJ-2023-RET
ORD0271, Kano ,MILK,dairy,16-03-2023,5,1828,9140, CASH ,KAN-2023-RET
ORD0706, Kano , RICE ,FOOD,28-12-2023,3,3148,9444, transfer ,KAN-2023-RET
ORD0533,PORT HARCOURT, Oil , FOOD ,22-01-2023,10,2061,20610,pos,PHC-2023-RET
ORD0814,ABUJA, milk , DAIRY ,31-10-2023,7,2475,17325,CASH,ABJ-2023-RET
ORD0051, Lagos ,MILK,DAIRY,22-11-2023,12,2294,27528, CASH ,LAG-2023-RET
ORD0098,Port Harcourt,beans, Food ,13-10-2023,8,2785,22280,transfer,PHC-2023-INV
ORD0399, ABUJA ,oil, food ,16-02-2023,12,2068,24816,pos,ABJ-2023-RET
ORD0425,lagos, oil , FOOD ,25-08-2023,15,4471,67065, cash ,LAG-2023-INV
ORD0331,kano, Oil , Food ,21-09-2023,17,1129,19193, Cash ,KAN-2023-RET
ORD0263,kano,Rice,food,16-01-2023,9,3671,33039,pos,KAN-2023-SLS
ORD0872, kano , RICE , Food ,15-08-2023,6,1003,6018,POS,KAN-2023-RET
ORD0479,KANO,BREAD, bakery ,16-06-2023,20,3523,70460, cash ,KAN-2023-RET
ORD0275,KANO, Sugar ,FOOD,13-05-2023,20,3092,61840, POS ,KAN-2023-RET
ORD0806,port harcourt, RICE , food ,02-01-2023,2,900,1800,pos,PHC-2023-SLS
ORD0497, LAGOS , oil , food ,13-09-2023,18,1214,21852,CASH,LAG-2023-SLS
ORD0755, kano , milk , dairy ,15-09-2023,14,1867,26138, TRANSFER ,KAN-2023-INV
ORD0330, PORT HARCOURT , Oil , FOOD ,11-07-2023,16,1479,23664, POS ,PHC-2023-RET
ORD0124,kano, sugar , FOOD ,31-07-2023,1,2890,2890, TRANSFER ,KAN-2023-INV
ORD0580,ABUJA, MILK ,DAIRY,23-07-2023,4,4608,18432,transfer,ABJ-2023-INV
ORD0474, LAGOS ,oil,FOOD,29-10-2023,12,3460,41520, POS ,LAG-2023-RET
ORD0435,abuja,oil,FOOD,20-03-2023,20,4900,98000,POS,ABJ-2023-RET
ORD0736, lagos ,bread, Bakery ,10-07-2023,13,591,7683, cash ,LAG-2023-RET
ORD0523, Lagos ,milk, Dairy ,24-05-2023,16,4514,72224,transfer,LAG-2023-RET
ORD0283,port harcourt, Bread ,Bakery,16-07-2023,2,1367,2734,Cash,PHC-2023-INV
ORD0445, port harcourt ,OIL, Food ,31-12-2023,20,2098,41960, Cash ,PHC-2023-RET
ORD0163,port harcourt, BREAD ,bakery,31-03-2023,16,3099,49584, POS ,PHC-2023-RET
ORD0560, kano ,SUGAR,FOOD,29-07-2023,18,2284,41112,CASH,KAN-2023-RET
ORD0641,  ,OIL, Food ,14-01-2023,6,1326,7956,POS,LAG-2023-RET
ORD0531,Kano,SUGAR,food,04-06-2023,1,3388,3388, POS ,KAN-2023-SLS
ORD0034, KANO ,SUGAR, food ,30-06-2023,18,3209,57762,POS,KAN-2023-SLS
ORD0353,LAGOS,oil, Food ,08-06-2023,18,3651,65718,POS,LAG-2023-RET
ORD0787,kano, Bread , bakery ,01-01-2023,20,4576,91520, CASH ,KAN-2023-SLS
ORD0626,  , BREAD ,Bakery,04-09-2023,6,4802,28812,cash,PHC-2023-SLS
ORD0720,lagos, RICE , FOOD ,21-04-2023,2,3515,7030,POS,LAG-2023-INV
ORD0833,LAGOS,beans,food,15-02-2023,15,2401,36015, Cash ,LAG-2023-SLS
ORD0028,abuja,RICE, Food ,25-08-2023,14,1611,22554,cash,ABJ-2023-INV
ORD0788, port harcourt , BEANS ,Food,27-02-2023,7,2765,19355,pos,PHC-2023-INV
ORD0135,Lagos, OIL , Food ,26-04-2023,2,2751,5502,pos,LAG-2023-SLS
ORD0654, PORT HARCOURT , Oil , food ,04-08-2023,13,4774,62062, transfer ,PHC-2023-SLS
ORD0016,Lagos,oil,FOOD,11-10-2023,4,1376,5504, cash ,LAG-2023-SLS
ORD0746,Kano,  ,food,15-04-2023,6,3639,21834, POS ,KAN-2023-RET
ORD0599, kano ,,food,20-11-2023,17,4183,71111,POS,KAN-2023-INV
ORD0663,Port Harcourt,Oil, Food ,05-07-2023,11,4086,44946,CASH,PHC-2023-INV
ORD0143, lagos , Rice ,FOOD,09-11-2023,17,569,9673,pos,LAG-2023-INV
ORD0089,KANO,milk, Dairy ,11-02-2023,2,732,1464,CASH,KAN-2023-RET
ORD0678,  , BREAD , Bakery ,02-04-2023,17,4792,81464, POS ,PHC-2023-SLS
ORD0218,PORT HARCOURT, RICE ,FOOD,07-03-2023,8,853,6824, pos ,PHC-2023-RET
ORD0749, Lagos , sugar , Food ,13-01-2023,20,4347,86940, POS ,LAG-2023-RET
ORD0471, Lagos , Beans , Food ,15-05-2023,9,1442,12978, POS ,LAG-2023-INV
ORD0458,lagos,OIL, FOOD ,05-11-2023,7,1599,11193,POS,LAG-2023-INV
ORD0259, LAGOS ,  ,FOOD,16-11-2023,20,4122,82440,Cash,LAG-2023-SLS
ORD0243,Port Harcourt,BEANS, FOOD ,09-06-2023,11,3942,43362,TRANSFER,PHC-2023-SLS
ORD0226, Lagos ,, dairy ,04-07-2023,6,795,4770,CASH,LAG-2023-RET
ORD0203, lagos , rice , FOOD ,02-11-2023,5,3142,15710,cash,LAG-2023-RET
ORD0537, port harcourt ,rice,FOOD,15-08-2023,5,4813,24065, POS ,PHC-2023-SLS
ORD0036, KANO ,sugar,FOOD,24-06-2023,16,4108,65728, cash ,KAN-2023-INV
ORD0501,  , RICE , FOOD ,31-08-2023,12,4023,48276, cash ,PHC-2023-INV
ORD0054, abuja , bread ,Bakery,29-11-2023,15,2975,44625, Transfer ,ABJ-2023-INV
ORD0380,Port Harcourt,Oil,Food,29-09-2023,8,1741,13928, transfer ,PHC-2023-INV
ORD0325,port harcourt,RICE, Food ,07-06-2023,5,1457,7285,CASH,PHC-2023-SLS
ORD0359, lagos , RICE ,Food,01-05-2023,10,2644,26440, POS ,LAG-2023-SLS
ORD0019,lagos, OIL , FOOD ,15-07-2023,6,1385,8310, Cash ,LAG-2023-SLS
ORD0416,Kano, Beans ,Food,06-10-2023,20,1629,32580,transfer,KAN-2023-INV
ORD0478,kano, oil ,food,29-12-2023,8,2927,23416, transfer ,KAN-2023-RET
ORD0648, PORT HARCOURT , SUGAR , food ,06-03-2023,19,2107,40033,CASH,PHC-2023-RET
ORD0770, KANO , bread , Bakery ,02-12-2023,7,4376,30632, cash ,KAN-2023-SLS
ORD0443, KANO ,Rice, FOOD ,24-12-2023,1,4243,4243,Transfer,KAN-2023-RET
ORD0695, Port Harcourt , rice , food ,28-03-2023,20,3922,78440,TRANSFER,PHC-2023-SLS
ORD0137,port harcourt,BEANS,food,16-04-2023,20,1640,32800,cash,PHC-2023-INV
ORD0470,, beans , food ,11-01-2023,4,1383,5532,Cash,PHC-2023-INV
ORD0294, Abuja , bread , BAKERY ,16-10-2023,20,2990,59800,transfer,ABJ-2023-INV
ORD0534,kano, MILK , DAIRY ,05-06-2023,18,1832,32976, transfer ,KAN-2023-SLS
ORD0769, LAGOS ,Rice, food ,28-10-2023,3,981,2943,Cash,LAG-2023-INV
ORD0684, Lagos ,, food ,03-12-2023,7,3251,22757,pos,LAG-2023-SLS
ORD0118, Abuja , rice , food ,02-10-2023,17,2750,46750,transfer,ABJ-2023-INV
ORD0312, port harcourt , Milk , DAIRY ,03-08-2023,19,3170,60230, Cash ,PHC-2023-RET
ORD0871, kano , milk , dairy ,07-07-2023,11,4920,54120,transfer,KAN-2023-SLS
ORD0747, abuja ,BEANS, Food ,24-10-2023,10,4065,40650,pos,ABJ-2023-SLS
ORD0608, Port Harcourt ,Bread,BAKERY,06-07-2023,11,4882,53702, cash ,PHC-2023-INV
ORD0542, KANO , bread , bakery ,08-07-2023,4,4538,18152,POS,KAN-2023-SLS
ORD0844,,Sugar, food ,08-07-2023,6,2445,14670,CASH,ABJ-2023-RET
ORD0776,LAGOS, sugar ,food,01-04-2023,18,3191,57438,pos,LAG-2023-RET
ORD0479,KANO,BREAD, bakery ,16-06-2023,20,3523,70460, cash ,KAN-2023-RET
ORD0022, Port Harcourt ,Bread,Bakery,27-07-2023,6,2965,17790,pos,PHC-2023-INV
ORD0127,Lagos,bread,BAKERY,25-08-2023,18,720,12960, POS ,LAG-2023-INV
ORD0199,lagos,bread,bakery,05-10-2023,6,4627,27762, pos ,LAG-2023-RET
ORD0442, lagos ,Milk, Dairy ,05-11-2023,1,3577,3577, POS ,LAG-2023-SLS
ORD0311,port harcourt,sugar,food,10-12-2023,6,1808,10848,cash,PHC-2023-INV
ORD0035, KANO , RICE ,Food,27-04-2023,7,2926,20482, TRANSFER ,KAN-2023-INV
ORD0568, Port Harcourt ,bread,Bakery,31-12-2023,18,2477,44586,transfer,PHC-2023-INV
ORD0032,port harcourt, sugar , food ,15-06-2023,14,2698,37772,CASH,PHC-2023-INV
ORD0723, lagos , bread , bakery ,29-11-2023,15,515,7725,CASH,LAG-2023-RET
ORD0652,LAGOS, oil , Food ,12-08-2023,10,4207,42070,pos,LAG-2023-INV
ORD0549, lagos , rice ,food,19-06-2023,20,4928,98560,cash,LAG-2023-INV
ORD0460,ABUJA,oil, FOOD ,26-02-2023,4,4853,19412,pos,ABJ-2023-RET
ORD0711,  , Bread , bakery ,14-05-2023,1,2942,2942, Cash ,PHC-2023-INV
ORD0244,,rice,food,17-07-2023,4,2539,10156,TRANSFER,PHC-2023-INV
ORD0038, LAGOS , Beans ,Food,22-03-2023,18,1114,20052,Cash,LAG-2023-SLS
ORD0766, Abuja , SUGAR ,FOOD,10-03-2023,6,767,4602, TRANSFER ,ABJ-2023-SLS
ORD0430,lagos,OIL,food,08-12-2023,6,3104,18624,transfer,LAG-2023-INV
ORD0518,lagos, RICE , food ,08-11-2023,18,2777,49986, POS ,LAG-2023-INV
ORD0195, kano ,Milk,dairy,03-12-2023,20,4375,87500,Transfer,KAN-2023-RET
ORD0816,abuja,Beans,food,30-08-2023,13,3234,42042, POS ,ABJ-2023-RET
ORD0285,KANO, sugar , Food ,03-02-2023,16,747,11952,Transfer,KAN-2023-INV
ORD0750,Kano, Oil ,food,28-03-2023,16,1795,28720, CASH ,KAN-2023-RET
ORD0099, Port Harcourt ,oil, FOOD ,22-01-2023,5,2879,14395, transfer ,PHC-2023-RET
ORD0602,KANO, sugar ,food,21-01-2023,13,2959,38467,Cash,KAN-2023-RET
ORD0506,Lagos, MILK , dairy ,26-05-2023,14,3625,50750,pos,LAG-2023-RET
ORD0251, Port Harcourt , oil ,food,28-09-2023,2,2677,5354,CASH,PHC-2023-RET
ORD0086, lagos ,oil, FOOD ,04-03-2023,17,2336,39712, cash ,LAG-2023-INV
ORD0381,Port Harcourt,Beans,Food,21-07-2023,14,1003,14042, Cash ,PHC-2023-RET
ORD0348, port harcourt , Milk , DAIRY ,13-04-2023,2,4778,9556, Transfer ,PHC-2023-SLS
ORD0778, PORT HARCOURT , oil ,FOOD,01-10-2023,4,4599,18396,Transfer,PHC-2023-RET
ORD0331,kano, Oil , Food ,21-09-2023,17,1129,19193, Cash ,KAN-2023-RET
ORD0463,kano, sugar , FOOD ,22-05-2023,17,2849,48433, Transfer ,KAN-2023-RET
ORD0773, LAGOS ,Sugar,Food,30-10-2023,2,4226,8452, POS ,LAG-2023-SLS
ORD0125, KANO , Sugar , Food ,09-05-2023,3,3458,10374,Cash,KAN-2023-RET
ORD0106, abuja ,rice,food,14-04-2023,18,4640,83520, pos ,ABJ-2023-RET
ORD0613, Abuja ,, DAIRY ,14-12-2023,13,1984,25792,transfer,ABJ-2023-SLS
ORD0204,abuja, Oil ,food,06-12-2023,8,2247,17976,Transfer,ABJ-2023-SLS
ORD0397, kano , Bread ,Bakery,20-05-2023,9,4208,37872,Cash,KAN-2023-RET
ORD0225,kano, RICE ,FOOD,16-07-2023,20,809,16180, transfer ,KAN-2023-RET
ORD0231,kano,MILK, Dairy ,22-10-2023,11,4533,49863,Transfer,KAN-2023-SLS
ORD0044,PORT HARCOURT,milk, DAIRY ,08-04-2023,5,3642,18210,POS,PHC-2023-RET
ORD0785,kano, Beans ,Food,11-02-2023,19,2528,48032, TRANSFER ,KAN-2023-INV
ORD0376,LAGOS, MILK , dairy ,20-12-2023,7,2813,19691, POS ,LAG-2023-INV
ORD0318,abuja,RICE, FOOD ,27-08-2023,13,3494,45422,POS,ABJ-2023-INV
ORD0559,Lagos,milk, dairy ,20-10-2023,10,3265,32650, transfer ,LAG-2023-INV
ORD0252, PORT HARCOURT , bread , bakery ,12-12-2023,4,3432,13728, Transfer ,PHC-2023-RET
ORD0375,Lagos,Sugar,food,29-04-2023,12,4089,49068, pos ,LAG-2023-INV
ORD0378,abuja, bread , BAKERY ,23-08-2023,2,4086,8172,Cash,ABJ-2023-INV
ORD0392, ABUJA , OIL , FOOD ,01-08-2023,14,1978,27692, cash ,ABJ-2023-RET
ORD0315,  ,milk, dairy ,21-10-2023,8,1720,13760,cash,PHC-2023-SLS
ORD0276,abuja,  ,food,12-11-2023,4,2198,8792, TRANSFER ,ABJ-2023-SLS
ORD0395,lagos,Beans, FOOD ,28-03-2023,12,4927,59124, cash ,LAG-2023-RET
ORD0027,  , MILK ,DAIRY,07-09-2023,18,2306,41508, CASH ,PHC-2023-SLS
ORD0868, KANO , bread ,BAKERY,08-05-2023,17,4085,69445,cash,KAN-2023-RET
ORD0366, Kano ,rice,FOOD,05-11-2023,3,4982,14946, transfer ,KAN-2023-INV
ORD0079,,Sugar,food,22-11-2023,16,856,13696,transfer,ABJ-2023-SLS
ORD0727,PORT HARCOURT,Beans, Food ,28-07-2023,19,3376,64144, POS ,PHC-2023-INV
ORD0072,kano, milk , DAIRY ,07-03-2023,13,3190,41470, pos ,KAN-2023-RET
ORD0649,Kano,bread, bakery ,22-09-2023,15,4759,71385, POS ,KAN-2023-SLS
ORD0040,, sugar ,Food,10-08-2023,3,826,2478,pos,PHC-2023-SLS
ORD0700, LAGOS , BREAD , BAKERY ,29-08-2023,16,2024,32384,Transfer,LAG-2023-RET
ORD0669, port harcourt ,Beans, Food ,03-10-2023,15,3038,45570,pos,PHC-2023-RET
ORD0101,,bread,bakery,01-10-2023,19,2402,45638, pos ,ABJ-2023-RET
ORD0628, LAGOS ,Bread, bakery ,20-12-2023,8,2370,18960, POS ,LAG-2023-SLS
ORD0075,KANO, sugar , Food ,03-08-2023,17,4820,81940,cash,KAN-2023-INV
ORD0598,lagos, BREAD , bakery ,28-01-2023,5,3043,15215, TRANSFER ,LAG-2023-RET
ORD0174, PORT HARCOURT , bread ,Bakery,10-03-2023,4,2367,9468,Transfer,PHC-2023-RET
ORD0240, abuja ,  , DAIRY ,27-05-2023,5,3317,16585, transfer ,ABJ-2023-RET
ORD0334, lagos ,  , food ,20-12-2023,3,3980,11940, CASH ,LAG-2023-INV
ORD0147, lagos , beans ,food,20-07-2023,18,3176,57168,POS,LAG-2023-RET
ORD0505, Abuja , Oil ,food,04-06-2023,12,632,7584,transfer,ABJ-2023-RET
ORD0623, port harcourt , BEANS ,Food,18-06-2023,9,1295,11655, POS ,PHC-2023-RET
ORD0875,lagos, rice ,FOOD,22-05-2023,15,3765,56475, Cash ,LAG-2023-SLS
ORD0541, PORT HARCOURT , BEANS ,food,14-05-2023,8,4978,39824, pos ,PHC-2023-RET
ORD0805,kano, OIL ,food,13-02-2023,9,1804,16236,pos,KAN-2023-INV
ORD0854, LAGOS ,  , BAKERY ,12-06-2023,4,3170,12680, cash ,LAG-2023-INV
ORD0017,,bread, bakery ,15-08-2023,9,1823,16407,POS,LAG-2023-RET
ORD0025, port harcourt , beans , food ,13-05-2023,16,4186,66976, cash ,PHC-2023-RET
ORD0153,Abuja, Beans ,food,23-01-2023,9,1262,11358, CASH ,ABJ-2023-RET
ORD0709, Kano ,RICE, FOOD ,25-08-2023,17,4521,76857,pos,KAN-2023-RET
ORD0409,  , sugar , Food ,16-04-2023,11,3579,39369, transfer ,LAG-2023-INV
ORD0840,lagos,Oil,food,22-08-2023,19,3759,71421,POS,LAG-2023-INV
ORD0801, ABUJA ,milk,DAIRY,28-01-2023,4,1538,6152, cash ,ABJ-2023-RET
ORD0450,PORT HARCOURT, Bread ,Bakery,30-05-2023,7,4555,31885, POS ,PHC-2023-SLS
ORD0167,Lagos, MILK , DAIRY ,28-01-2023,14,1786,25004, Cash ,LAG-2023-SLS
ORD0521,Abuja,beans,FOOD,19-12-2023,4,3144,12576, POS ,ABJ-2023-SLS
ORD0120,, milk ,dairy,19-04-2023,2,2382,4764,POS,ABJ-2023-RET
ORD0631,lagos,Sugar,FOOD,18-09-2023,1,3114,3114,transfer,LAG-2023-SLS
ORD0643, abuja ,beans, food ,08-09-2023,7,1485,10395, POS ,ABJ-2023-RET
ORD0768,kano,rice,Food,07-12-2023,13,3274,42562, CASH ,KAN-2023-RET
ORD0344,lagos, bread , BAKERY ,19-12-2023,10,1195,11950, CASH ,LAG-2023-SLS
ORD0668, lagos , rice ,food,14-10-2023,18,4173,75114, POS ,LAG-2023-INV
ORD0066,Port Harcourt,,DAIRY,29-05-2023,13,3921,50973, cash ,PHC-2023-SLS
ORD0159,KANO,SUGAR,FOOD,26-06-2023,18,4470,80460,pos,KAN-2023-RET
ORD0090,PORT HARCOURT,Oil, Food ,19-12-2023,15,1097,16455, cash ,PHC-2023-INV
ORD0264,port harcourt,milk,dairy,01-12-2023,5,2193,10965,cash,PHC-2023-RET
ORD0830,abuja, RICE ,FOOD,28-09-2023,3,3573,10719,CASH,ABJ-2023-RET
ORD0136,LAGOS,SUGAR,FOOD,02-06-2023,4,2527,10108,Cash,LAG-2023-SLS
ORD0504,KANO,MILK, Dairy ,06-03-2023,1,4190,4190, POS ,KAN-2023-SLS
ORD0170, lagos , Milk ,dairy,25-09-2023,2,3671,7342,transfer,LAG-2023-RET
ORD0643, abuja ,beans, food ,08-09-2023,7,1485,10395, POS ,ABJ-2023-RET
ORD0759,port harcourt,Sugar,food,08-12-2023,17,796,13532,POS,PHC-2023-RET
ORD0420,port harcourt, oil , food ,30-05-2023,7,2409,16863, POS ,PHC-2023-RET
ORD0499,abuja, bread , Bakery ,21-03-2023,8,565,4520, CASH ,ABJ-2023-SLS
ORD0769, LAGOS ,Rice, food ,28-10-2023,3,981,2943,Cash,LAG-2023-INV
ORD0284, port harcourt ,MILK, Dairy ,24-12-2023,5,1261,6305,Transfer,PHC-2023-INV
ORD0730, KANO ,BREAD, bakery ,14-07-2023,16,723,11568, Cash ,KAN-2023-SLS
ORD0050,PORT HARCOURT,rice,Food,20-10-2023,8,3624,28992,Transfer,PHC-2023-RET
ORD0852,Port Harcourt,SUGAR, food ,24-05-2023,18,4122,74196,Transfer,PHC-2023-INV
ORD0355, kano ,Milk, DAIRY ,04-08-2023,3,3382,10146, pos ,KAN-2023-RET
ORD0441, ABUJA , Bread ,BAKERY,31-05-2023,6,1153,6918, Cash ,ABJ-2023-SLS
ORD0827, lagos ,sugar, FOOD ,06-10-2023,19,3438,65322,POS,LAG-2023-INV
ORD0351, Kano , sugar , food ,04-11-2023,3,2450,7350, cash ,KAN-2023-SLS
ORD0491,  ,Bread,Bakery,26-02-2023,1,2849,2849, Cash ,PHC-2023-INV
ORD0584,port harcourt, Milk ,DAIRY,31-01-2023,19,2404,45676,transfer,PHC-2023-SLS
ORD0551,abuja, OIL , FOOD ,03-11-2023,3,3909,11727,POS,ABJ-2023-RET
ORD0209,,Oil,food,11-10-2023,12,591,7092, pos ,LAG-2023-INV
ORD0583,abuja, sugar , food ,23-07-2023,8,703,5624,CASH,ABJ-2023-SLS
ORD0545,Lagos,BEANS,food,13-09-2023,4,1370,5480, pos ,LAG-2023-SLS
ORD0686, Port Harcourt ,milk,DAIRY,18-12-2023,13,2813,36569,pos,PHC-2023-SLS
ORD0151, lagos ,beans, food ,25-07-2023,17,876,14892,Cash,LAG-2023-SLS
ORD0078, port harcourt , rice , food ,02-11-2023,4,4594,18376,pos,PHC-2023-INV
ORD0696,PORT HARCOURT, bread , Bakery ,10-10-2023,3,3227,9681,cash,PHC-2023-INV
ORD0169,PORT HARCOURT,,FOOD,09-07-2023,12,3624,43488,cash,PHC-2023-SLS
ORD0270,ABUJA,Oil,FOOD,05-03-2023,11,1843,20273, CASH ,ABJ-2023-INV
ORD0419,port harcourt, SUGAR ,food,02-02-2023,7,3700,25900, pos ,PHC-2023-SLS
ORD0151, lagos ,beans, food ,25-07-2023,17,876,14892,Cash,LAG-2023-SLS
ORD0457, lagos ,Sugar,food,03-06-2023,1,2534,2534, cash ,LAG-2023-RET
ORD0280,Lagos,BEANS,Food,26-09-2023,11,4460,49060,TRANSFER,LAG-2023-SLS
ORD0014,lagos, milk ,dairy,14-11-2023,20,825,16500,cash,LAG-2023-SLS
ORD0858,Kano, Milk ,dairy,11-03-2023,9,4463,40167, transfer ,KAN-2023-INV
ORD0799, KANO , Rice ,Food,17-12-2023,18,1934,34812,Transfer,KAN-2023-INV
ORD0178, kano ,Sugar,Food,24-08-2023,13,3356,43628, TRANSFER ,KAN-2023-INV
ORD0725,,oil,FOOD,19-08-2023,12,4322,51864,POS,LAG-2023-RET
ORD0201, Port Harcourt , beans ,Food,21-12-2023,17,2856,48552,POS,PHC-2023-INV
ORD0131,lagos,milk,DAIRY,19-06-2023,6,1811,10866, POS ,LAG-2023-SLS
ORD0239,port harcourt,beans, food ,30-10-2023,18,1950,35100, POS ,PHC-2023-SLS
ORD0493, kano ,bread,bakery,19-05-2023,14,2095,29330, cash ,KAN-2023-INV
ORD0703,abuja, milk ,dairy,19-08-2023,9,3113,28017,Transfer,ABJ-2023-RET
ORD0143, lagos , Rice ,FOOD,09-11-2023,17,569,9673,pos,LAG-2023-INV
ORD0777, lagos ,BREAD,bakery,19-02-2023,6,3460,20760, transfer ,LAG-2023-SLS
ORD0790, ABUJA ,bread, BAKERY ,29-05-2023,15,4794,71910, cash ,ABJ-2023-SLS
ORD0016,Lagos,oil,FOOD,11-10-2023,4,1376,5504, cash ,LAG-2023-SLS
ORD0007, Port Harcourt ,rice, food ,02-04-2023,9,4600,41400,POS,PHC-2023-INV
ORD0062,KANO, rice , food ,08-08-2023,9,2352,21168,POS,KAN-2023-RET
ORD0398,port harcourt,Milk, dairy ,03-10-2023,3,1135,3405, CASH ,PHC-2023-RET
ORD0721,lagos,RICE, Food ,31-03-2023,1,4403,4403,CASH,LAG-2023-INV
ORD0547,LAGOS, sugar , food ,14-02-2023,17,2075,35275,POS,LAG-2023-INV
ORD0258, LAGOS , sugar , food ,15-10-2023,13,2106,27378,POS,LAG-2023-RET
ORD0516, Kano , Oil ,Food,07-11-2023,20,1381,27620, transfer ,KAN-2023-SLS
ORD0827, lagos ,sugar, FOOD ,06-10-2023,19,3438,65322,POS,LAG-2023-INV
ORD0095,port harcourt,Bread,BAKERY,01-09-2023,19,2955,56145, cash ,PHC-2023-SLS
ORD0795,port harcourt,Bread,BAKERY,20-04-2023,5,2308,11540, cash ,PHC-2023-SLS
ORD0288,ABUJA,BEANS,Food,30-09-2023,5,4210,21050,Transfer,ABJ-2023-SLS
ORD0492, LAGOS ,oil, food ,13-07-2023,3,4772,14316, Cash ,LAG-2023-RET
ORD0670, Abuja ,MILK, dairy ,31-07-2023,3,4839,14517,pos,ABJ-2023-INV
ORD0107,Kano,BREAD, bakery ,11-05-2023,1,3743,3743, CASH ,KAN-2023-RET
ORD0752,PORT HARCOURT,Beans,food,11-04-2023,8,640,5120,POS,PHC-2023-RET
ORD0400,PORT HARCOURT,beans,Food,04-12-2023,18,2087,37566,POS,PHC-2023-RET
ORD0069,PORT HARCOURT,sugar,food,08-07-2023,2,966,1932,transfer,PHC-2023-INV
ORD0324, lagos ,Sugar,FOOD,03-01-2023,11,1778,19558,pos,LAG-2023-RET
ORD0138,PORT HARCOURT,rice, food ,26-12-2023,9,1539,13851, Cash ,PHC-2023-INV
ORD0610, abuja , Milk ,Dairy,19-01-2023,4,3426,13704,POS,ABJ-2023-RET
ORD0618,lagos, beans , FOOD ,02-01-2023,13,2862,37206, pos ,LAG-2023-SLS
ORD0671, Port Harcourt , SUGAR ,FOOD,12-03-2023,13,4386,57018,transfer,PHC-2023-INV
ORD0679,Port Harcourt, Beans , FOOD ,03-01-2023,4,2879,11516, Cash ,PHC-2023-RET
ORD0439,KANO, bread , Bakery ,25-02-2023,14,1228,17192,POS,KAN-2023-RET
ORD0463,kano, sugar , FOOD ,22-05-2023,17,2849,48433, Transfer ,KAN-2023-RET
ORD0186, lagos , rice , food ,12-07-2023,12,806,9672,pos,LAG-2023-SLS
ORD0302,  , MILK ,dairy,10-01-2023,9,4152,37368, transfer ,ABJ-2023-INV
ORD0860, Lagos , bread , Bakery ,21-02-2023,14,1902,26628, POS ,LAG-2023-SLS
ORD0180,kano, Oil , food ,18-07-2023,14,3814,53396,POS,KAN-2023-INV
ORD0122,abuja,Oil,FOOD,17-06-2023,20,3749,74980, Cash ,ABJ-2023-RET
ORD0782,Abuja,rice, food ,23-12-2023,10,1621,16210, TRANSFER ,ABJ-2023-SLS
ORD0165, KANO ,Sugar, food ,18-04-2023,1,2672,2672, cash ,KAN-2023-RET
ORD0803, lagos ,milk,Dairy,05-08-2023,15,1085,16275, POS ,LAG-2023-RET
ORD0010,Lagos, OIL , food ,04-10-2023,16,2255,36080,Cash,LAG-2023-RET
ORD0055,Port Harcourt,, Bakery ,12-11-2023,4,4508,18032, transfer ,PHC-2023-SLS
ORD0297,port harcourt,sugar,Food,29-09-2023,9,1689,15201, transfer ,PHC-2023-INV
ORD0356, Lagos ,Beans, FOOD ,01-11-2023,17,1565,26605,POS,LAG-2023-SLS
ORD0343,Port Harcourt, Milk , Dairy ,14-06-2023,12,2830,33960, CASH ,PHC-2023-INV
ORD0407,  ,Beans, food ,05-11-2023,16,3028,48448, Transfer ,LAG-2023-SLS
ORD0112, KANO , bread , BAKERY ,18-03-2023,14,3844,53816, transfer ,KAN-2023-SLS
ORD0056,PORT HARCOURT,rice,FOOD,26-01-2023,7,674,4718, transfer ,PHC-2023-INV
ORD0754, Lagos ,, Bakery ,04-02-2023,20,846,16920,Transfer,LAG-2023-INV
ORD0345, Port Harcourt , oil ,Food,08-09-2023,19,1300,24700, cash ,PHC-2023-RET
ORD0023, Kano ,  , food ,26-04-2023,8,3042,24336,cash,KAN-2023-INV
ORD0189, Kano , bread , Bakery ,01-06-2023,8,4241,33928,TRANSFER,KAN-2023-SLS
ORD0600, abuja ,  ,dairy,22-04-2023,7,2615,18305, Transfer ,ABJ-2023-SLS
ORD0688,PORT HARCOURT,SUGAR,Food,18-07-2023,15,4136,62040, transfer ,PHC-2023-SLS
ORD0415, abuja , OIL , FOOD ,14-09-2023,3,2912,8736,POS,ABJ-2023-RET
ORD0105,Lagos,Beans,Food,21-08-2023,16,1754,28064,pos,LAG-2023-RET
ORD0379,PORT HARCOURT,bread, bakery ,28-11-2023,4,1763,7052,TRANSFER,PHC-2023-SLS
ORD0846,lagos, Beans ,food,24-06-2023,18,1344,24192,TRANSFER,LAG-2023-INV
ORD0134, lagos ,sugar,food,06-04-2023,10,1649,16490,transfer,LAG-2023-SLS
ORD0812,abuja, Beans ,food,04-05-2023,4,3517,14068,POS,ABJ-2023-RET
ORD0379,PORT HARCOURT,bread, bakery ,28-11-2023,4,1763,7052,TRANSFER,PHC-2023-SLS
ORD0698, ABUJA ,Beans,FOOD,20-03-2023,12,1032,12384,pos,ABJ-2023-INV
ORD0197,port harcourt, rice ,Food,11-10-2023,17,897,15249,Transfer,PHC-2023-RET
ORD0227, KANO , OIL ,FOOD,07-11-2023,9,2353,21177,Cash,KAN-2023-SLS
ORD0327,port harcourt, BREAD ,Bakery,28-05-2023,14,4124,57736,CASH,PHC-2023-RET
ORD0316, LAGOS ,,food,03-05-2023,12,2923,35076,POS,LAG-2023-INV
ORD0462, PORT HARCOURT ,sugar, Food ,13-05-2023,19,1545,29355, Cash ,PHC-2023-RET
ORD0548, PORT HARCOURT , beans ,FOOD,14-09-2023,7,4380,30660, TRANSFER ,PHC-2023-SLS
ORD0030,lagos,oil,Food,09-06-2023,4,710,2840, pos ,LAG-2023-RET
ORD0665, kano , Rice ,food,22-12-2023,16,2338,37408, CASH ,KAN-2023-INV
ORD0692, KANO ,bread, Bakery ,05-06-2023,6,2873,17238, cash ,KAN-2023-RET
ORD0724,kano,bread, Bakery ,16-03-2023,18,4929,88722, transfer ,KAN-2023-RET
ORD0502, LAGOS ,bread,BAKERY,28-01-2023,9,2007,18063, Cash ,LAG-2023-SLS
ORD0373, port harcourt ,Sugar,Food,19-08-2023,16,660,10560, pos ,PHC-2023-INV
ORD0188, PORT HARCOURT , OIL ,food,08-10-2023,6,822,4932,transfer,PHC-2023-INV
ORD0323, ABUJA ,oil, FOOD ,14-08-2023,19,1536,29184, transfer ,ABJ-2023-SLS
ORD0319, LAGOS , bread ,Bakery,30-06-2023,8,3125,25000,TRANSFER,LAG-2023-RET
ORD0015, abuja ,Rice, Food ,17-09-2023,18,2246,40428,transfer,ABJ-2023-INV
ORD0166, LAGOS ,Beans,food,18-01-2023,15,1103,16545, transfer ,LAG-2023-INV
ORD0764,port harcourt, BREAD ,bakery,30-01-2023,3,3071,9213,transfer,PHC-2023-SLS
ORD0824,Lagos,oil,food,31-05-2023,19,1343,25517,cash,LAG-2023-RET
ORD0772,, RICE ,Food,31-12-2023,1,3455,3455,Transfer,PHC-2023-RET
ORD0457, lagos ,Sugar,food,03-06-2023,1,2534,2534, cash ,LAG-2023-RET
ORD0273, LAGOS ,Rice,Food,19-06-2023,19,2944,55936,cash,LAG-2023-INV
ORD0510, LAGOS ,MILK,DAIRY,18-11-2023,4,3711,14844,Transfer,LAG-2023-RET
ORD0442, lagos ,Milk, Dairy ,05-11-2023,1,3577,3577, POS ,LAG-2023-SLS
ORD0446,LAGOS, beans ,Food,04-12-2023,7,1896,13272,POS,LAG-2023-INV
ORD0571,LAGOS,beans,food,07-11-2023,10,2625,26250,CASH,LAG-2023-INV
ORD0753, KANO ,beans, Food ,11-01-2023,9,4704,42336,POS,KAN-2023-RET
ORD0385,kano, oil , food ,01-01-2024,19,1646,31274, TRANSFER ,KAN-2024-RET
ORD0713, abuja , BREAD , Bakery ,17-10-2023,10,3154,31540, POS ,ABJ-2023-INV
ORD0301, Abuja ,oil, FOOD ,14-08-2023,9,1957,17613, CASH ,ABJ-2023-SLS
ORD0049, Lagos ,, food ,24-08-2023,15,2580,38700, transfer ,LAG-2023-RET
ORD0184,  , Sugar , food ,01-10-2023,1,809,809, cash ,PHC-2023-RET
ORD0257, PORT HARCOURT , sugar ,FOOD,16-02-2023,20,4634,92680, cash ,PHC-2023-SLS
ORD0425,lagos, oil , FOOD ,25-08-2023,15,4471,67065, cash ,LAG-2023-INV
ORD0544,kano, bread , Bakery ,04-02-2023,10,3727,37270, pos ,KAN-2023-SLS
ORD0306, Lagos , bread , BAKERY ,06-02-2023,19,2408,45752, cash ,LAG-2023-RET
ORD0140,KANO,oil, FOOD ,17-10-2023,18,1569,28242,transfer,KAN-2023-SLS
ORD0309, abuja , Bread , BAKERY ,02-08-2023,19,2824,53656,POS,ABJ-2023-SLS
ORD0729,Port Harcourt, oil ,Food,08-08-2023,7,2988,20916,pos,PHC-2023-RET
ORD0740, Port Harcourt ,Milk, Dairy ,19-12-2023,16,3662,58592,POS,PHC-2023-RET
ORD0026,port harcourt, Sugar , FOOD ,27-08-2023,11,4945,54395,Transfer,PHC-2023-INV
ORD0605,kano, bread ,Bakery,01-10-2023,14,3726,52164, Cash ,KAN-2023-SLS
ORD0008, kano , Beans ,Food,18-10-2023,2,2473,4946,Cash,KAN-2023-INV
ORD0498, lagos , Rice , food ,21-01-2023,19,4499,85481,Transfer,LAG-2023-SLS
ORD0389, PORT HARCOURT ,Milk,DAIRY,22-06-2023,10,4205,42050,TRANSFER,PHC-2023-SLS
ORD0058,, Oil ,food,20-08-2023,17,1393,23681, POS ,PHC-2023-INV
ORD0682, LAGOS ,rice,food,13-04-2023,18,4579,82422,cash,LAG-2023-RET
ORD0382,Kano,rice,Food,09-11-2023,9,4823,43407,CASH,KAN-2023-RET
ORD0693,LAGOS,Sugar,FOOD,11-03-2023,4,822,3288,Transfer,LAG-2023-SLS
ORD0267, Abuja , oil ,food,10-12-2023,14,2323,32522,cash,ABJ-2023-INV
ORD0848,Port Harcourt,BREAD, bakery ,25-04-2023,10,2643,26430,CASH,PHC-2023-INV
ORD0528, port harcourt , Sugar , Food ,23-04-2023,13,1329,17277, POS ,PHC-2023-RET
ORD0103,kano, OIL , food ,31-03-2023,19,2082,39558,POS,KAN-2023-RET
ORD0840,lagos,Oil,food,22-08-2023,19,3759,71421,POS,LAG-2023-INV
ORD0421, Lagos , OIL , FOOD ,23-03-2023,14,4389,61446,pos,LAG-2023-RET
ORD0705,lagos, beans , food ,20-07-2023,4,634,2536,transfer,LAG-2023-INV
ORD0689,Port Harcourt, oil , food ,21-07-2023,10,2249,22490, cash ,PHC-2023-SLS
ORD0879, ABUJA ,rice,food,17-08-2023,4,914,3656,POS,ABJ-2023-SLS
ORD0213, abuja ,BREAD, Bakery ,17-09-2023,3,652,1956,POS,ABJ-2023-INV
ORD0821,abuja,Rice,food,11-10-2023,8,2990,23920, cash ,ABJ-2023-RET
ORD0569, lagos ,bread, BAKERY ,12-02-2023,6,4672,28032,cash,LAG-2023-INV
ORD0551,abuja, OIL , FOOD ,03-11-2023,3,3909,11727,POS,ABJ-2023-RET
ORD0611,port harcourt,rice, food ,10-07-2023,3,3175,9525,Cash,PHC-2023-INV
ORD0233, lagos , SUGAR , food ,25-07-2023,12,3490,41880,transfer,LAG-2023-SLS
ORD0836, PORT HARCOURT ,  ,bakery,29-03-2023,16,4705,75280, cash ,PHC-2023-INV
ORD0710,Port Harcourt,milk,dairy,13-06-2023,5,2734,13670,TRANSFER,PHC-2023-SLS
ORD0081,Lagos, Oil ,Food,02-12-2023,12,891,10692, Transfer ,LAG-2023-SLS
ORD0456,abuja,  , food ,03-11-2023,4,1980,7920,POS,ABJ-2023-INV
ORD0073, LAGOS , beans ,FOOD,21-02-2023,3,2923,8769, POS ,LAG-2023-RET
ORD0117,ABUJA,Bread, bakery ,31-07-2023,2,552,1104,CASH,ABJ-2023-RET
ORD0360,Abuja, milk , dairy ,20-06-2023,2,926,1852,Cash,ABJ-2023-SLS
ORD0073, LAGOS , beans ,FOOD,21-02-2023,3,2923,8769, POS ,LAG-2023-RET
ORD0697,PORT HARCOURT,sugar, food ,27-06-2023,11,1584,17424, POS ,PHC-2023-SLS
ORD0253, Kano , Sugar , FOOD ,08-11-2023,14,3149,44086, CASH ,KAN-2023-RET
ORD0370, Kano ,OIL,FOOD,10-12-2023,19,4227,80313, transfer ,KAN-2023-RET
ORD0490,ABUJA, Sugar ,FOOD,16-01-2023,20,1795,35900,cash,ABJ-2023-SLS
ORD0060, lagos , Sugar , FOOD ,31-07-2023,15,2371,35565, Transfer ,LAG-2023-SLS
ORD0837, Port Harcourt , bread ,BAKERY,30-04-2023,20,4087,81740,transfer,PHC-2023-INV
ORD0614,  , Milk , Dairy ,05-10-2023,14,3193,44702,TRANSFER,PHC-2023-SLS
ORD0139, Kano ,  , bakery ,07-09-2023,12,4224,50688, TRANSFER ,KAN-2023-RET
ORD0826,Kano, Bread ,BAKERY,12-03-2023,8,4761,38088,pos,KAN-2023-RET
ORD0763,abuja,Milk,dairy,24-02-2023,10,2610,26100, CASH ,ABJ-2023-RET
ORD0114,Kano, oil , FOOD ,08-04-2023,1,2235,2235, pos ,KAN-2023-INV
ORD0051, Lagos ,MILK,DAIRY,22-11-2023,12,2294,27528, CASH ,LAG-2023-RET
ORD0676, port harcourt , milk , dairy ,14-06-2023,7,2814,19698,cash,PHC-2023-SLS
ORD0322,  , Beans ,Food,05-09-2023,9,2357,21213, transfer ,KAN-2023-SLS
ORD0268,abuja, milk ,dairy,22-08-2023,4,4199,16796,cash,ABJ-2023-INV
ORD0583,abuja, sugar , food ,23-07-2023,8,703,5624,CASH,ABJ-2023-SLS
ORD0349, lagos , sugar , FOOD ,18-03-2023,8,1430,11440, Cash ,LAG-2023-INV
ORD0336,lagos,OIL,FOOD,03-01-2023,6,4900,29400,pos,LAG-2023-INV
ORD0093,kano,Rice, FOOD ,19-10-2023,13,919,11947,POS,KAN-2023-INV
ORD0699,ABUJA, MILK ,dairy,27-12-2023,4,960,3840, Cash ,ABJ-2023-INV
ORD0751, kano ,Sugar,Food,14-03-2023,5,2901,14505, transfer ,KAN-2023-SLS
ORD0391, ABUJA ,milk,dairy,01-09-2023,17,2051,34867, pos ,ABJ-2023-INV
ORD0519, kano ,,DAIRY,23-10-2023,13,2436,31668, cash ,KAN-2023-SLS
ORD0861, kano , OIL ,Food,08-09-2023,14,1500,21000,pos,KAN-2023-RET
ORD0312, port harcourt , Milk , DAIRY ,03-08-2023,19,3170,60230, Cash ,PHC-2023-RET
ORD0563,  ,Bread,bakery,31-05-2023,12,4355,52260,pos,PHC-2023-INV
ORD0634, Kano , rice , Food ,05-12-2023,7,2208,15456, POS ,KAN-2023-SLS
ORD0406, abuja , MILK ,dairy,23-11-2023,7,1532,10724,pos,ABJ-2023-SLS
ORD0596, port harcourt ,sugar, food ,09-04-2023,2,1032,2064,pos,PHC-2023-INV
ORD0781,port harcourt,rice, Food ,01-11-2023,5,1286,6430, pos ,PHC-2023-RET
ORD0633, kano , Beans , food ,05-06-2023,9,4366,39294, transfer ,KAN-2023-INV
ORD0739,PORT HARCOURT, rice , Food ,02-08-2023,14,753,10542, cash ,PHC-2023-RET
ORD0680,kano, BEANS ,food,20-12-2023,9,3852,34668,CASH,KAN-2023-SLS
ORD0762,Kano,BREAD,bakery,21-03-2023,11,4814,52954,POS,KAN-2023-RET
ORD0433,ABUJA,sugar, food ,27-01-2023,3,2076,6228, POS ,ABJ-2023-INV
ORD0734,  ,RICE,food,22-11-2023,17,3517,59789,POS,PHC-2023-INV
ORD0868, KANO , bread ,BAKERY,08-05-2023,17,4085,69445,cash,KAN-2023-RET
ORD0873,Abuja,  , Food ,08-05-2023,10,765,7650, Cash ,ABJ-2023-INV
ORD0642,Lagos, beans , FOOD ,12-03-2023,12,723,8676, transfer ,LAG-2023-INV
ORD0404, Port Harcourt ,rice, food ,13-02-2023,15,1522,22830,CASH,PHC-2023-INV
ORD0190, kano ,Oil,food,17-02-2023,15,2697,40455,TRANSFER,KAN-2023-SLS
ORD0638,Kano,Rice,Food,17-01-2023,19,4081,77539,POS,KAN-2023-SLS
ORD0335,abuja,, dairy ,05-04-2023,7,2138,14966,POS,ABJ-2023-SLS
ORD0232,port harcourt,, FOOD ,11-06-2023,17,4268,72556, pos ,PHC-2023-INV
ORD0108, Port Harcourt ,OIL, Food ,13-07-2023,13,4174,54262, TRANSFER ,PHC-2023-INV
ORD0530, lagos , SUGAR ,food,09-01-2023,4,870,3480, pos ,LAG-2023-RET
ORD0424, KANO , Rice , food ,16-06-2023,4,4632,18528, TRANSFER ,KAN-2023-SLS
ORD0278, Abuja , milk ,Dairy,12-10-2023,10,3084,30840,pos,ABJ-2023-INV
ORD0454, lagos ,Bread,BAKERY,26-08-2023,13,1234,16042,pos,LAG-2023-SLS
ORD0082,lagos,milk, Dairy ,22-02-2023,10,3131,31310, Cash ,LAG-2023-SLS
ORD0279, Kano ,bread, Bakery ,20-05-2023,11,759,8349, TRANSFER ,KAN-2023-INV
ORD0761, ABUJA ,Oil, Food ,23-04-2023,16,1041,16656,Transfer,ABJ-2023-INV
ORD0765, KANO ,beans,food,22-06-2023,20,1850,37000,Cash,KAN-2023-RET
ORD0565, Lagos , milk , dairy ,18-06-2023,10,2499,24990,cash,LAG-2023-SLS
ORD0473, kano ,  , bakery ,13-06-2023,14,2523,35322, CASH ,KAN-2023-INV
ORD0797,kano, SUGAR ,FOOD,14-01-2023,18,1845,33210, POS ,KAN-2023-INV
ORD0003,Abuja, milk , dairy ,23-10-2023,10,3462,34620,Cash,ABJ-2023-RET
ORD0555,kano,bread, bakery ,17-05-2023,8,4815,38520,transfer,KAN-2023-RET
ORD0786, Kano ,MILK, dairy ,08-10-2023,7,4535,31745,Cash,KAN-2023-INV
ORD0702,ABUJA,rice,FOOD,26-06-2023,3,4546,13638,pos,ABJ-2023-INV
ORD0845,KANO, oil ,Food,04-04-2023,9,2557,23013,POS,KAN-2023-SLS
ORD0841,lagos,Bread, BAKERY ,03-11-2023,18,4048,72864,POS,LAG-2023-RET
ORD0587,Lagos,MILK, dairy ,06-11-2023,12,4754,57048, TRANSFER ,LAG-2023-SLS
ORD0552, lagos , Rice , food ,11-04-2023,2,715,1430, POS ,LAG-2023-RET
ORD0609, KANO ,RICE, food ,24-08-2023,4,4510,18040, TRANSFER ,KAN-2023-INV
ORD0822,KANO, Sugar ,FOOD,17-09-2023,1,889,889,transfer,KAN-2023-RET
ORD0717,Kano, oil ,food,14-05-2023,7,3179,22253,TRANSFER,KAN-2023-INV
ORD0130,abuja, rice , food ,09-06-2023,5,3353,16765,TRANSFER,ABJ-2023-SLS
ORD0529,  , BREAD ,Bakery,06-04-2023,3,1865,5595, transfer ,KAN-2023-SLS
ORD0859,port harcourt,rice, FOOD ,02-02-2023,16,1938,31008,TRANSFER,PHC-2023-RET
ORD0496, Kano ,SUGAR, FOOD ,29-05-2023,5,3277,16385,transfer,KAN-2023-RET
ORD0482,, RICE , FOOD ,07-01-2023,17,1624,27608,pos,PHC-2023-INV
ORD0836, PORT HARCOURT ,  ,bakery,29-03-2023,16,4705,75280, cash ,PHC-2023-INV
ORD0412, lagos , Oil ,Food,19-11-2023,8,936,7488, transfer ,LAG-2023-INV
ORD0427,,,FOOD,03-05-2023,8,3569,28552, Cash ,PHC-2023-INV
ORD0581,KANO,rice,food,16-09-2023,3,1105,3315,pos,KAN-2023-RET
ORD0029, LAGOS ,BREAD, bakery ,16-01-2023,3,829,2487,Cash,LAG-2023-INV
ORD0281,  , OIL ,Food,22-02-2023,15,877,13155, POS ,ABJ-2023-RET
ORD0297,port harcourt,sugar,Food,29-09-2023,9,1689,15201, transfer ,PHC-2023-INV
ORD0829, lagos ,Sugar,FOOD,04-01-2023,8,508,4064,pos,LAG-2023-RET
ORD0198,lagos,oil, food ,31-05-2023,13,3308,43004,Transfer,LAG-2023-INV
ORD0033,Kano, Milk ,DAIRY,08-04-2023,1,4732,4732, cash ,KAN-2023-INV
ORD0666,Port Harcourt,bread,BAKERY,14-05-2023,19,3671,69749,pos,PHC-2023-SLS
ORD0326, abuja , milk , DAIRY ,09-09-2023,13,2092,27196, Transfer ,ABJ-2023-RET
ORD0866,kano, Bread ,Bakery,30-01-2023,17,2079,35343, POS ,KAN-2023-INV
ORD0100,lagos,bread, bakery ,21-02-2023,8,930,7440,transfer,LAG-2023-SLS
ORD0632, kano , MILK ,dairy,17-12-2023,16,1343,21488, transfer ,KAN-2023-RET
ORD0128,Port Harcourt,milk,dairy,17-09-2023,13,4877,63401,POS,PHC-2023-SLS
ORD0269,ABUJA, bread , bakery ,26-08-2023,17,1665,28305,POS,ABJ-2023-SLS
ORD0149, kano ,BREAD,bakery,12-09-2023,19,1131,21489,TRANSFER,KAN-2023-RET
ORD0508, Port Harcourt ,RICE, food ,17-09-2023,12,2334,28008,Transfer,PHC-2023-SLS
ORD0310,Kano, Sugar , FOOD ,09-04-2023,1,2430,2430,CASH,KAN-2023-RET
ORD0286, PORT HARCOURT ,milk,dairy,14-11-2023,14,2454,34356,CASH,PHC-2023-RET
ORD0369,abuja,MILK,Dairy,18-02-2023,14,3883,54362, TRANSFER ,ABJ-2023-RET
ORD0109,KANO,sugar,Food,30-09-2023,18,3974,71532, TRANSFER ,KAN-2023-INV
ORD0092, PORT HARCOURT , Rice , Food ,16-09-2023,3,3721,11163,Transfer,PHC-2023-INV
ORD0718, Kano , BREAD , Bakery ,04-07-2023,7,2985,20895, transfer ,KAN-2023-INV
ORD0341, port harcourt ,Sugar, FOOD ,05-12-2023,7,2904,20328, transfer ,PHC-2023-SLS
ORD0411, lagos ,milk, DAIRY ,31-12-2023,20,4053,81060,cash,LAG-2023-INV
ORD0097, port harcourt ,milk,Dairy,01-02-2023,20,4363,87260, POS ,PHC-2023-INV
ORD0862, ABUJA ,beans, food ,02-01-2023,15,4094,61410,cash,ABJ-2023-RET
ORD0570, Port Harcourt ,, food ,13-06-2023,11,3646,40106, CASH ,PHC-2023-INV
ORD0329, ABUJA , Beans ,food,24-11-2023,9,2958,26622, pos ,ABJ-2023-SLS
ORD0261,kano, Beans , FOOD ,13-04-2023,2,2826,5652,pos,KAN-2023-RET
ORD0117,ABUJA,Bread, bakery ,31-07-2023,2,552,1104,CASH,ABJ-2023-RET
ORD0800, Kano , SUGAR , Food ,05-12-2023,6,4865,29190,pos,KAN-2023-INV
ORD0192,KANO, RICE ,food,09-12-2023,17,2334,39678, Transfer ,KAN-2023-RET
ORD0350, abuja ,bread, bakery ,29-01-2023,16,663,10608,Cash,ABJ-2023-SLS
ORD0839, lagos ,Beans, food ,12-12-2023,12,3186,38232, Cash ,LAG-2023-INV
ORD0791, Kano ,sugar, FOOD ,24-03-2023,13,2708,35204, transfer ,KAN-2023-INV
ORD0737,port harcourt, MILK ,dairy,16-03-2023,18,1080,19440, POS ,PHC-2023-INV
ORD0487,port harcourt, Bread , Bakery ,16-02-2023,9,1685,15165,transfer,PHC-2023-INV
ORD0219,Kano,RICE,FOOD,07-11-2023,7,4179,29253,transfer,KAN-2023-SLS
ORD0142, lagos , Milk , Dairy ,05-01-2023,15,576,8640, POS ,LAG-2023-SLS
ORD0111,kano, Milk , dairy ,02-05-2023,20,3126,62520, Transfer ,KAN-2023-INV
ORD0418, abuja ,SUGAR,food,26-04-2023,12,3283,39396,Transfer,ABJ-2023-SLS
ORD0732, KANO , MILK , dairy ,09-09-2023,4,4733,18932,CASH,KAN-2023-SLS
ORD0210,kano, BEANS ,FOOD,10-12-2023,4,1985,7940, pos ,KAN-2023-INV
ORD0168, KANO , RICE , food ,31-05-2023,14,1217,17038, POS ,KAN-2023-RET
ORD0877, abuja ,MILK,Dairy,28-06-2023,14,1988,27832, POS ,ABJ-2023-RET
ORD0176, abuja ,bread, BAKERY ,10-07-2023,1,2481,2481,TRANSFER,ABJ-2023-RET
ORD0774, kano , MILK ,DAIRY,16-05-2023,8,4180,33440, TRANSFER ,KAN-2023-RET
ORD0678,  , BREAD , Bakery ,02-04-2023,17,4792,81464, POS ,PHC-2023-SLS
ORD0367, Port Harcourt ,bread, Bakery ,03-07-2023,10,1575,15750, pos ,PHC-2023-INV
ORD0870,,Bread, Bakery ,14-07-2023,12,3366,40392, cash ,LAG-2023-RET
ORD0743, KANO , Beans , food ,10-05-2023,9,1090,9810, cash ,KAN-2023-SLS
ORD0775, Abuja ,rice,FOOD,07-10-2023,9,4884,43956, TRANSFER ,ABJ-2023-INV
ORD0601, port harcourt ,sugar,food,28-11-2023,11,3258,35838, CASH ,PHC-2023-INV
ORD0448,, Bread ,Bakery,07-03-2023,4,3512,14048, Transfer ,LAG-2023-SLS
ORD0220,Lagos,SUGAR,Food,25-02-2023,13,1583,20579,cash,LAG-2023-INV
ORD0076, lagos , SUGAR ,FOOD,19-08-2023,3,2318,6954, transfer ,LAG-2023-INV
ORD0308, LAGOS ,oil, food ,21-05-2023,3,1489,4467, cash ,LAG-2023-SLS
ORD0092, PORT HARCOURT , Rice , Food ,16-09-2023,3,3721,11163,Transfer,PHC-2023-INV
ORD0065,kano, oil , food ,04-01-2023,11,1482,16302, TRANSFER ,KAN-2023-RET
ORD0639,LAGOS,Rice, Food ,27-08-2023,14,2768,38752,TRANSFER,LAG-2023-RET
ORD0023, Kano ,  , food ,26-04-2023,8,3042,24336,cash,KAN-2023-INV
ORD0436,kano,sugar,FOOD,22-07-2023,13,3906,50778,POS,KAN-2023-SLS
ORD0070, LAGOS , rice , food ,25-06-2023,15,1347,20205,pos,LAG-2023-INV
ORD0590,  , Oil , food ,12-11-2023,19,2771,52649,pos,PHC-2023-SLS
ORD0617,Port Harcourt,oil, FOOD ,03-11-2023,7,3925,27475,transfer,PHC-2023-SLS
ORD0456,abuja,  , food ,03-11-2023,4,1980,7920,POS,ABJ-2023-INV
ORD0540,LAGOS, oil ,FOOD,06-09-2023,10,552,5520, POS ,LAG-2023-RET
ORD0677, ABUJA , MILK , dairy ,15-02-2023,2,2040,4080,Transfer,ABJ-2023-RET
ORD0220,Lagos,SUGAR,Food,25-02-2023,13,1583,20579,cash,LAG-2023-INV
ORD0492, LAGOS ,oil, food ,13-07-2023,3,4772,14316, Cash ,LAG-2023-RET
ORD0405,port harcourt,RICE,food,30-04-2023,20,3867,77340, pos ,PHC-2023-RET
ORD0686, Port Harcourt ,milk,DAIRY,18-12-2023,13,2813,36569,pos,PHC-2023-SLS
ORD0141, Lagos ,Bread, bakery ,21-05-2023,10,1802,18020, CASH ,LAG-2023-RET
ORD0447, Port Harcourt ,rice, food ,22-10-2023,11,2333,25663, POS ,PHC-2023-INV
ORD0043,lagos,bread,BAKERY,10-10-2023,6,3045,18270, cash ,LAG-2023-RET
ORD0629, port harcourt , sugar , FOOD ,27-01-2023,4,4898,19592, Transfer ,PHC-2023-RET
ORD0234,lagos, Sugar ,food,19-11-2023,16,1601,25616, pos ,LAG-2023-RET
ORD0514, kano ,rice, food ,02-10-2023,7,742,5194,cash,KAN-2023-RET
ORD0714,port harcourt, oil , food ,25-07-2023,3,4534,13602, pos ,PHC-2023-INV
ORD0546, Abuja , bread , BAKERY ,11-07-2023,3,4117,12351, POS ,ABJ-2023-RET
ORD0410, LAGOS ,oil, food ,11-10-2023,6,3283,19698, cash ,LAG-2023-INV
ORD0548, PORT HARCOURT , beans ,FOOD,14-09-2023,7,4380,30660, TRANSFER ,PHC-2023-SLS
ORD0864,port harcourt,Oil, FOOD ,08-12-2023,7,3549,24843,POS,PHC-2023-SLS
ORD0228,kano, BREAD ,BAKERY,16-10-2023,15,3589,53835, Transfer ,KAN-2023-INV
ORD0618,lagos, beans , FOOD ,02-01-2023,13,2862,37206, pos ,LAG-2023-SLS
ORD0809,LAGOS, sugar ,Food,28-11-2023,7,4828,33796, cash ,LAG-2023-SLS
ORD0588, abuja , Oil , FOOD ,22-12-2023,7,2132,14924,CASH,ABJ-2023-RET
ORD0515,Kano,SUGAR, food ,20-09-2023,16,4072,65152, transfer ,KAN-2023-INV
ORD0001, abuja , RICE ,food,25-04-2023,9,2506,22554, cash ,ABJ-2023-RET
ORD0129, Port Harcourt ,oil,food,06-01-2023,14,1367,19138,cash,PHC-2023-SLS
ORD0871, kano , milk , dairy ,07-07-2023,11,4920,54120,transfer,KAN-2023-SLS
ORD0556,LAGOS,  , food ,29-11-2023,8,4106,32848, transfer ,LAG-2023-INV
ORD0282,ABUJA, RICE ,FOOD,22-02-2023,20,4711,94220, cash ,ABJ-2023-RET
ORD0417, lagos , Sugar , food ,28-10-2023,8,4725,37800,pos,LAG-2023-SLS
ORD0646,port harcourt, bread , bakery ,15-11-2023,12,2672,32064,TRANSFER,PHC-2023-INV
ORD0249,port harcourt, MILK , DAIRY ,15-06-2023,5,2819,14095,TRANSFER,PHC-2023-RET
ORD0779,Abuja,RICE,food,25-06-2023,6,1694,10164, cash ,ABJ-2023-RET
ORD0594,Abuja, MILK ,dairy,08-11-2023,1,4356,4356, pos ,ABJ-2023-SLS
ORD0365,,Rice, food ,21-08-2023,15,4430,66450,POS,ABJ-2023-SLS
ORD0164,ABUJA,BEANS,FOOD,10-11-2023,20,3106,62120,CASH,ABJ-2023-RET
ORD0146,abuja, milk , dairy ,15-05-2023,3,612,1836, CASH ,ABJ-2023-INV
ORD0396, port harcourt ,OIL, FOOD ,25-05-2023,7,4680,32760, Cash ,PHC-2023-INV
ORD0105,Lagos,Beans,Food,21-08-2023,16,1754,28064,pos,LAG-2023-RET
ORD0347, KANO ,Beans,FOOD,09-05-2023,14,3795,53130,pos,KAN-2023-RET
ORD0575, lagos , Rice , food ,09-09-2023,14,1051,14714, POS ,LAG-2023-RET
ORD0157,ABUJA, Rice , food ,07-03-2023,7,4132,28924, cash ,ABJ-2023-SLS
ORD0032,port harcourt, sugar , food ,15-06-2023,14,2698,37772,CASH,PHC-2023-INV
ORD0455, Lagos ,sugar, Food ,02-06-2023,16,4052,64832,pos,LAG-2023-INV
ORD0067,kano, Beans , FOOD ,09-02-2023,11,1877,20647,POS,KAN-2023-RET
ORD0156,PORT HARCOURT,milk,Dairy,18-02-2023,18,2546,45828,transfer,PHC-2023-INV
ORD0320, ABUJA ,beans, Food ,11-02-2023,15,1215,18225, transfer ,ABJ-2023-INV
ORD0029, LAGOS ,BREAD, bakery ,16-01-2023,3,829,2487,Cash,LAG-2023-INV
ORD0464,abuja, Rice ,Food,06-01-2023,10,4537,45370,Transfer,ABJ-2023-RET
ORD0273, LAGOS ,Rice,Food,19-06-2023,19,2944,55936,cash,LAG-2023-INV
ORD0641,  ,OIL, Food ,14-01-2023,6,1326,7956,POS,LAG-2023-RET
ORD0440, port harcourt , bread , Bakery ,29-03-2023,10,4030,40300, Cash ,PHC-2023-SLS
ORD0627, abuja ,,BAKERY,14-04-2023,17,2370,40290, transfer ,ABJ-2023-RET
ORD0272, Port Harcourt ,milk, dairy ,02-05-2023,1,4542,4542, CASH ,PHC-2023-RET
ORD0738, Port Harcourt ,rice,food,15-01-2023,11,3732,41052,cash,PHC-2023-RET
ORD0585,LAGOS, Oil , food ,21-09-2023,15,4456,66840, pos ,LAG-2023-RET
ORD0560, kano ,SUGAR,FOOD,29-07-2023,18,2284,41112,CASH,KAN-2023-RET
ORD0393,kano, BEANS , food ,02-06-2023,1,979,979, transfer ,KAN-2023-INV
ORD0386,Abuja,Oil,food,29-10-2023,17,3799,64583,pos,ABJ-2023-RET
ORD0625, Lagos , rice ,FOOD,17-03-2023,7,2981,20867,pos,LAG-2023-INV
ORD0856, ABUJA ,MILK, DAIRY ,29-12-2023,7,1916,13412, POS ,ABJ-2023-INV
ORD0290, port harcourt ,SUGAR, FOOD ,06-12-2023,18,2230,40140,cash,PHC-2023-SLS
ORD0230,lagos, SUGAR , food ,04-05-2023,7,2423,16961,Transfer,LAG-2023-INV
ORD0719,port harcourt,Milk,Dairy,03-09-2023,6,4527,27162,pos,PHC-2023-RET
ORD0432,PORT HARCOURT,Bread,BAKERY,28-04-2023,10,694,6940,pos,PHC-2023-SLS
ORD0620, lagos , OIL ,Food,03-02-2023,5,2900,14500, Cash ,LAG-2023-INV
ORD0047, Abuja , oil ,FOOD,12-06-2023,18,3613,65034, POS ,ABJ-2023-RET
ORD0656, Kano ,OIL,food,24-09-2023,1,1460,1460, transfer ,KAN-2023-RET
ORD0300, lagos , Rice , FOOD ,31-05-2023,6,2575,15450, transfer ,LAG-2023-RET
ORD0187,Abuja,oil,Food,06-12-2023,14,1327,18578, POS ,ABJ-2023-SLS
ORD0408, PORT HARCOURT , bread , BAKERY ,24-10-2023,15,3212,48180,POS,PHC-2023-SLS
ORD0657,Abuja, SUGAR ,Food,17-11-2023,9,1424,12816,Transfer,ABJ-2023-SLS
ORD0271, Kano ,MILK,dairy,16-03-2023,5,1828,9140, CASH ,KAN-2023-RET
ORD0675,,Beans,food,03-05-2023,12,1658,19896,TRANSFER,KAN-2023-INV
ORD0825, Abuja , Sugar ,Food,13-10-2023,20,688,13760,TRANSFER,ABJ-2023-INV
ORD0880,KANO, Milk ,Dairy,08-05-2023,1,3080,3080,POS,KAN-2023-RET
ORD0818,KANO,Oil, Food ,17-02-2023,14,1128,15792, transfer ,KAN-2023-INV
ORD0216,Kano,Bread, Bakery ,19-10-2023,9,4959,44631,Cash,KAN-2023-SLS
ORD0472,kano, BEANS ,food,10-01-2023,5,3992,19960, pos ,KAN-2023-INV
ORD0798,ABUJA,bread, BAKERY ,13-11-2023,15,2348,35220, cash ,ABJ-2023-INV
ORD0110, ABUJA ,Milk,DAIRY,03-11-2023,2,4157,8314,POS,ABJ-2023-RET
ORD0363,port harcourt, SUGAR , FOOD ,21-01-2023,4,4554,18216,Transfer,PHC-2023-SLS
ORD0387,abuja, BREAD ,BAKERY,31-08-2023,7,4230,29610, CASH ,ABJ-2023-RET
ORD0741, Lagos , Oil ,Food,17-10-2023,11,2461,27071,cash,LAG-2023-SLS
ORD0342, lagos , milk , dairy ,09-09-2023,10,1844,18440,TRANSFER,LAG-2023-INV
ORD0230,lagos, SUGAR , food ,04-05-2023,7,2423,16961,Transfer,LAG-2023-INV
ORD0572,Abuja,oil, food ,20-10-2023,7,2808,19656,TRANSFER,ABJ-2023-RET
ORD0567, ABUJA ,Beans,FOOD,15-05-2023,4,3929,15716, POS ,ABJ-2023-RET
ORD0708,Kano, Milk , Dairy ,24-12-2023,11,3212,35332, cash ,KAN-2023-INV
ORD0828,LAGOS,BEANS,food,20-10-2023,17,3069,52173, TRANSFER ,LAG-2023-INV
ORD0823,Port Harcourt,milk,DAIRY,03-12-2023,19,3579,68001,Transfer,PHC-2023-RET
ORD0291, Port Harcourt , Beans , FOOD ,25-11-2023,3,1624,4872, TRANSFER ,PHC-2023-SLS
ORD0500,PORT HARCOURT, SUGAR , Food ,18-06-2023,7,3789,26523,CASH,PHC-2023-SLS
ORD0182,abuja,SUGAR,Food,30-08-2023,2,1083,2166,cash,ABJ-2023-RET
ORD0255,kano, Rice ,food,19-10-2023,19,3775,71725,Cash,KAN-2023-RET
ORD0658,port harcourt, sugar , food ,24-05-2023,2,1361,2722, POS ,PHC-2023-RET
ORD0566, LAGOS , milk ,dairy,06-05-2023,5,4904,24520,Transfer,LAG-2023-RET
ORD0507, ABUJA , bread ,BAKERY,25-10-2023,15,4623,69345,cash,ABJ-2023-RET
ORD0046, lagos ,sugar, FOOD ,15-09-2023,2,1534,3068,pos,LAG-2023-SLS
ORD0438,lagos, oil , food ,07-01-2023,8,1822,14576, Cash ,LAG-2023-INV
ORD0053, Lagos , Beans ,food,16-02-2023,13,3496,45448,transfer,LAG-2023-INV
ORD0116,LAGOS,SUGAR,Food,12-05-2023,18,3265,58770, transfer ,LAG-2023-RET
ORD0472,kano, BEANS ,food,10-01-2023,5,3992,19960, pos ,KAN-2023-INV
ORD0595, Abuja ,Rice,FOOD,10-06-2023,15,1010,15150, cash ,ABJ-2023-RET
ORD0528, port harcourt , Sugar , Food ,23-04-2023,13,1329,17277, POS ,PHC-2023-RET
ORD0091,port harcourt,Rice, food ,07-05-2023,9,4183,37647,cash,PHC-2023-INV
ORD0810, PORT HARCOURT , BREAD , Bakery ,28-09-2023,5,3516,17580, transfer ,PHC-2023-INV
ORD0265,Abuja, beans , FOOD ,16-01-2023,11,1692,18612,Transfer,ABJ-2023-SLS
ORD0121,port harcourt,RICE,food,16-10-2023,10,1830,18300, CASH ,PHC-2023-RET
ORD0731, Kano , oil ,FOOD,21-04-2023,18,4196,75528,pos,KAN-2023-SLS
ORD0235, Kano ,oil,Food,04-03-2023,1,3873,3873,transfer,KAN-2023-RET
ORD0364, lagos ,MILK, DAIRY ,20-10-2023,1,4809,4809, cash ,LAG-2023-SLS
ORD0603, LAGOS ,BEANS, food ,16-02-2023,11,940,10340, TRANSFER ,LAG-2023-INV
ORD0045, port harcourt , beans ,food,05-09-2023,15,4912,73680, Transfer ,PHC-2023-SLS
ORD0274,kano,Oil,FOOD,07-08-2023,13,1054,13702, POS ,KAN-2023-INV
ORD0052,lagos,rice,Food,01-08-2023,10,3176,31760,cash,LAG-2023-INV
ORD0651, Kano , oil ,food,24-06-2023,6,2591,15546,transfer,KAN-2023-RET
ORD0681,abuja,bread,BAKERY,23-03-2023,4,1444,5776, TRANSFER ,ABJ-2023-INV
ORD0489, KANO , Beans ,FOOD,15-03-2023,10,4271,42710,POS,KAN-2023-SLS
ORD0869, lagos ,OIL, food ,16-02-2023,6,1322,7932,TRANSFER,LAG-2023-INV
ORD0554,abuja,OIL,Food,30-05-2023,12,2500,30000, cash ,ABJ-2023-RET
ORD0593,Abuja, BEANS , Food ,27-09-2023,15,3457,51855, Cash ,ABJ-2023-INV
ORD0402,LAGOS,, food ,30-09-2023,9,3941,35469, TRANSFER ,LAG-2023-SLS
ORD0771, kano ,,BAKERY,18-10-2023,14,3078,43092,POS,KAN-2023-INV
ORD0744,PORT HARCOURT, bread ,BAKERY,01-09-2023,16,1385,22160, TRANSFER ,PHC-2023-SLS
ORD0475,PORT HARCOURT, RICE ,food,13-11-2023,3,4977,14931,Transfer,PHC-2023-SLS
ORD0155,  , RICE , Food ,18-12-2023,3,1791,5373, transfer ,KAN-2023-RET
ORD0517, Abuja , beans ,Food,06-04-2023,11,4017,44187,transfer,ABJ-2023-INV
ORD0597,Abuja, milk ,DAIRY,01-03-2023,15,1222,18330,CASH,ABJ-2023-INV
ORD0574, ABUJA , bread ,BAKERY,12-03-2023,1,2514,2514,POS,ABJ-2023-SLS
ORD0434, lagos ,oil,food,22-11-2023,10,4172,41720, Cash ,LAG-2023-SLS
ORD0687, LAGOS ,Sugar,FOOD,08-07-2023,9,1813,16317, POS ,LAG-2023-INV
ORD0615, ABUJA ,bread, BAKERY ,12-02-2023,16,3328,53248, Cash ,ABJ-2023-RET
ORD0170, lagos , Milk ,dairy,25-09-2023,2,3671,7342,transfer,LAG-2023-RET
ORD0811,ABUJA, Beans ,Food,12-12-2023,13,2376,30888,Transfer,ABJ-2023-SLS
ORD0277, port harcourt , BREAD ,Bakery,31-03-2023,19,738,14022,Cash,PHC-2023-SLS
ORD0605,kano, bread ,Bakery,01-10-2023,14,3726,52164, Cash ,KAN-2023-SLS
ORD0837, Port Harcourt , bread ,BAKERY,30-04-2023,20,4087,81740,transfer,PHC-2023-INV
ORD0691,abuja,Bread,bakery,13-02-2023,4,1035,4140, Cash ,ABJ-2023-INV
ORD0512, ABUJA ,BREAD, bakery ,26-02-2023,19,1347,25593, transfer ,ABJ-2023-RET
ORD0179, ABUJA ,Oil,Food,22-05-2023,9,3163,28467,Transfer,ABJ-2023-RET
ORD0524,port harcourt,Sugar, FOOD ,23-02-2023,7,4494,31458, transfer ,PHC-2023-INV
ORD0162, LAGOS , beans ,Food,15-06-2023,11,1953,21483,cash,LAG-2023-INV
ORD0646,port harcourt, bread , bakery ,15-11-2023,12,2672,32064,TRANSFER,PHC-2023-INV
ORD0087,Port Harcourt,milk, Dairy ,12-06-2023,3,1526,4578, POS ,PHC-2023-INV
ORD0685,  ,,FOOD,23-02-2023,2,1675,3350,POS,KAN-2023-INV
ORD0664,Port Harcourt,Oil,food,30-09-2023,5,3286,16430, TRANSFER ,PHC-2023-SLS
ORD0783,lagos, milk ,Dairy,05-07-2023,20,1320,26400,cash,LAG-2023-INV
ORD0094, kano ,  ,food,25-07-2023,7,4670,32690, pos ,KAN-2023-INV
ORD0413,Kano,bread, bakery ,22-12-2023,12,4804,57648, transfer ,KAN-2023-RET
ORD0610, abuja , Milk ,Dairy,19-01-2023,4,3426,13704,POS,ABJ-2023-RET
ORD0307,Abuja,rice,food,01-11-2023,4,4572,18288, POS ,ABJ-2023-INV
ORD0088, lagos ,beans,FOOD,27-06-2023,11,2347,25817,POS,LAG-2023-SLS
ORD0577, Lagos , sugar , food ,18-12-2023,16,3875,62000,cash,LAG-2023-INV
ORD0390,Port Harcourt,sugar, food ,23-06-2023,8,3739,29912,pos,PHC-2023-INV
ORD0194,Kano,, food ,22-02-2023,16,645,10320,Transfer,KAN-2023-SLS
ORD0517, Abuja , beans ,Food,06-04-2023,11,4017,44187,transfer,ABJ-2023-INV
ORD0185,abuja,oil, food ,24-09-2023,10,4234,42340,pos,ABJ-2023-RET
ORD0863,Lagos,BEANS,FOOD,12-12-2023,5,730,3650,Cash,LAG-2023-INV
ORD0849, kano ,milk,Dairy,20-01-2023,8,2704,21632,Cash,KAN-2023-SLS
ORD0096,ABUJA,MILK, DAIRY ,26-09-2023,16,1896,30336,pos,ABJ-2023-RET
ORD0683,,  , Bakery ,18-04-2023,17,2048,34816,POS,ABJ-2023-SLS
ORD0485, abuja , BEANS , food ,02-07-2023,4,2808,11232,Cash,ABJ-2023-RET
ORD0328, Port Harcourt , rice ,food,24-11-2023,1,3854,3854, Transfer ,PHC-2023-SLS
ORD0486, kano ,oil,food,13-09-2023,4,2720,10880, pos ,KAN-2023-SLS
ORD0429,Kano,Bread, BAKERY ,23-01-2023,20,3522,70440, Cash ,KAN-2023-INV
ORD0048,LAGOS, Bread ,BAKERY,24-01-2023,10,737,7370,transfer,LAG-2023-INV
ORD0554,abuja,OIL,Food,30-05-2023,12,2500,30000, cash ,ABJ-2023-RET
ORD0266,LAGOS, Milk , dairy ,18-12-2023,8,2391,19128, CASH ,LAG-2023-SLS
ORD0027,  , MILK ,DAIRY,07-09-2023,18,2306,41508, CASH ,PHC-2023-SLS
ORD0832,Lagos,oil,FOOD,09-09-2023,1,1254,1254,pos,LAG-2023-RET
ORD0064,port harcourt, Sugar , food ,01-08-2023,20,4121,82420, transfer ,PHC-2023-INV
ORD0177, Lagos , BEANS ,food,18-05-2023,8,2193,17544,POS,LAG-2023-SLS
ORD0553,Lagos, Oil , Food ,02-05-2023,14,974,13636, CASH ,LAG-2023-INV
ORD0012, LAGOS , Beans ,Food,04-09-2023,14,4478,62692, cash ,LAG-2023-SLS
ORD0676, port harcourt , milk , dairy ,14-06-2023,7,2814,19698,cash,PHC-2023-SLS
ORD0449, Port Harcourt ,Rice,food,11-06-2023,18,4273,76914,CASH,PHC-2023-SLS
ORD0383, Port Harcourt ,BREAD,bakery,04-10-2023,5,4763,23815, Transfer ,PHC-2023-INV
ORD0520, Port Harcourt ,rice, food ,21-05-2023,14,2965,41510, transfer ,PHC-2023-SLS
ORD0451,lagos,RICE, food ,22-06-2023,18,3713,66834,Transfer,LAG-2023-RET
ORD0585,LAGOS, Oil , food ,21-09-2023,15,4456,66840, pos ,LAG-2023-RET
ORD0239,port harcourt,beans, food ,30-10-2023,18,1950,35100, POS ,PHC-2023-SLS
ORD0862, ABUJA ,beans, food ,02-01-2023,15,4094,61410,cash,ABJ-2023-RET
ORD0756,  , sugar , food ,29-11-2023,19,1645,31255,TRANSFER,LAG-2023-SLS
ORD0526, port harcourt , OIL , Food ,09-10-2023,9,1469,13221, CASH ,PHC-2023-SLS
ORD0535, Kano ,MILK,DAIRY,14-02-2023,18,1770,31860,pos,KAN-2023-SLS
